Data,Hora (UTC),Temp. Ins. (C),Temp. Max. (C),Temp. Min. (C),Umi. Ins. (%),Umi. Max. (%),Umi. Min. (%),Pto Orvalho Ins. (C),Pto Orvalho Max. (C),Pto Orvalho Min. (C),Pressao Ins. (hPa),Pressao Max. (hPa),Pressao Min. (hPa),Vel. Vento (m/s),Dir. Vento (m/s),Raj. Vento (m/s),Radiacao (KJ/mÂ²),Chuva (mm)
01/06/2017,0000,"24,7","24,7","24,5","90,0","91,0","90,0","23,0","23,2","22,9","997,2","997,3","997,1","1,8","209,0","3,7",,"0,0"
01/06/2017,0100,"24,6","24,7","24,4","90,0","91,0","90,0","22,8","23,0","22,8","997,7","997,7","997,2","1,6","205,0","5,1",,"0,0"
01/06/2017,0200,"24,4","24,6","24,4","90,0","90,0","89,0","22,7","22,8","22,7","997,9","997,9","997,7","2,0","191,0","5,0",,"0,0"
01/06/2017,0300,"24,3","24,5","24,3","91,0","91,0","90,0","22,7","22,8","22,7","998,3","998,3","997,9","1,2","154,0","4,4",,"0,0"
01/06/2017,0400,"23,9","24,3","23,9","94,0","94,0","91,0","22,9","23,0","22,7","998,9","999,0","998,3","1,0","205,0","2,5",,"1,4"
01/06/2017,0500,"23,6","23,9","23,6","95,0","96,0","94,0","22,9","23,1","22,8","998,6","998,9","998,6","1,6","194,0","3,6",,"0,6"
01/06/2017,0600,,,,,,,,,,,,,,,,,
01/06/2017,0700,,,,,,,,,,,,,,,,,
01/06/2017,0800,,,,,,,,,,,,,,,,,
01/06/2017,0900,,,,,,,,,,,,,,,,,
01/06/2017,1000,,,,,,,,,,,,,,,,,
01/06/2017,1100,,,,,,,,,,,,,,,,,
01/06/2017,1200,"22,5","22,7","22,5","91,0","91,0","90,0","21,0","21,0","20,9","999,5","999,5","998,3","1,7","144,0","5,2","120,10","0,0"
01/06/2017,1300,"22,9","22,9","22,4","91,0","92,0","91,0","21,4","21,4","20,9","1000,4","1000,4","999,5","1,8","167,0","3,7","290,00","0,2"
01/06/2017,1400,"23,7","23,7","22,8","86,0","91,0","86,0","21,2","21,9","21,0","1000,0","1000,4","999,9","2,6","149,0","4,7","883,60","0,0"
01/06/2017,1500,"24,2","24,3","23,7","85,0","87,0","83,0","21,4","21,7","20,9","999,9","1000,1","999,8","2,1","154,0","5,3","890,20","0,0"
01/06/2017,1600,"24,3","25,0","24,0","84,0","85,0","80,0","21,3","21,6","21,0","999,3","999,9","999,3","1,9","180,0","5,1","1061,10","0,0"
01/06/2017,1700,"25,0","25,3","24,1","81,0","84,0","79,0","21,5","21,9","20,9","998,6","999,4","998,6","1,8","156,0","4,4","1089,10","0,0"
01/06/2017,1800,"25,2","25,4","24,5","78,0","83,0","78,0","21,2","21,9","20,9","998,0","998,6","998,0","1,7","146,0","3,7","995,00","0,0"
01/06/2017,1900,"24,7","25,5","24,6","81,0","82,0","78,0","21,3","21,9","21,1","997,4","998,0","997,4","1,8","162,0","3,7","633,20","0,0"
01/06/2017,2000,"24,5","25,0","24,5","83,0","83,0","81,0","21,3","21,7","21,2","997,1","997,5","997,1","1,8","180,0","4,0","417,30","0,0"
01/06/2017,2100,"24,1","24,5","24,1","83,0","84,0","82,0","21,1","21,5","21,0","997,2","997,2","997,1","1,6","173,0","4,1","205,30","0,0"
01/06/2017,2200,"23,4","24,1","23,4","86,0","86,0","83,0","21,0","21,2","21,0","997,4","997,4","997,1","1,1","144,0","3,7","124,60","0,0"
01/06/2017,2300,"23,1","23,5","22,9","89,0","90,0","86,0","21,1","21,2","21,0","997,9","998,0","997,4","1,1","135,0","1,9",,"0,0"
02/06/2017,0000,"22,9","23,1","22,6","91,0","91,0","89,0","21,3","21,4","21,0","998,2","998,2","997,9","0,7","117,0","1,9",,"0,0"
02/06/2017,0100,,,,,,,,,,,,,,,,,
02/06/2017,0200,,,,,,,,,,,,,,,,,
02/06/2017,0300,,,,,,,,,,,,,,,,,
02/06/2017,0400,,,,,,,,,,,,,,,,,
02/06/2017,0500,,,,,,,,,,,,,,,,,
02/06/2017,0600,,,,,,,,,,,,,,,,,
02/06/2017,0700,,,,,,,,,,,,,,,,,
02/06/2017,0800,,,,,,,,,,,,,,,,,
02/06/2017,0900,,,,,,,,,,,,,,,,,
02/06/2017,1000,,,,,,,,,,,,,,,,,
02/06/2017,1100,"21,4",,,"97,0",,,"21,0",,,"995,9",,,"0,5","173,0",,"32,90","0,0"
02/06/2017,1200,"23,4","23,5","21,4","89,0","97,0","88,0","21,5","22,1","21,1","996,8","996,8","995,8","1,3","176,0","2,6","475,10","0,0"
02/06/2017,1300,"24,8","24,8","23,3","83,0","89,0","83,0","21,7","21,9","21,0","997,7","997,7","996,8","2,3","157,0","4,0","916,10","0,0"
02/06/2017,1400,"25,6","25,7","24,8","78,0","83,0","78,0","21,5","21,9","21,0","997,9","997,9","997,4","1,8","142,0","5,0","1111,40","0,0"
02/06/2017,1500,"26,4","26,5","25,3","77,0","80,0","75,0","22,1","22,1","21,2","997,5","998,0","997,5","1,4","146,0","3,8","1457,90","0,0"
02/06/2017,1600,"27,3","27,6","26,2","73,0","78,0","70,0","22,1","22,3","21,1","997,1","997,7","997,1","1,1","136,0","3,9","1496,50","0,0"
02/06/2017,1700,"27,6","27,8","26,9","72,0","74,0","70,0","22,0","22,4","21,3","997,1","997,3","997,0","1,6","137,0","3,1","1316,70","0,0"
02/06/2017,1800,"28,5","28,6","27,5","68,0","73,0","68,0","22,0","22,5","21,4","996,0","997,1","996,0","1,0","162,0","2,6","1605,20","0,0"
02/06/2017,1900,"28,5","28,9","28,0","68,0","71,0","65,0","22,0","22,6","21,4","995,7","996,0","995,6","0,8","176,0","2,7","1298,90","0,0"
02/06/2017,2000,"29,5","30,2","28,3","65,0","70,0","64,0","22,3","22,9","21,7","994,2","995,7","994,2","0,7","167,0","3,0","1423,90","0,0"
02/06/2017,2100,"29,0","29,4","27,5","67,0","75,0","65,0","22,2","23,0","21,7","995,8","996,3","994,1","0,6","84,0","3,0","454,20","0,0"
02/06/2017,2200,"26,8","29,7","26,8","80,0","80,0","67,0","23,1","23,1","22,1","996,0","996,0","994,8","0,6","185,0","1,6","243,10","0,0"
02/06/2017,2300,"25,0","26,8","25,0","88,0","88,0","80,0","22,8","23,2","22,8","997,2","997,3","996,0","0,6","186,0","1,5",,"0,0"
03/06/2017,0000,"24,6","25,2","24,6","88,0","88,0","86,0","22,5","23,0","22,5","996,7","997,2","996,7","0,7","218,0","1,5",,"0,0"
03/06/2017,0100,"24,2","24,6","24,2","91,0","91,0","88,0","22,5","22,8","22,5","996,9","996,9","996,7","0,4","213,0","1,4",,"0,0"
03/06/2017,0200,"23,5","24,1","23,4","96,0","96,0","91,0","22,7","22,7","22,2","997,1","997,2","996,8","0,3","229,0","1,1",,"0,0"
03/06/2017,0300,"23,2","23,5","23,1","96,0","96,0","96,0","22,5","22,7","22,4","997,0","997,2","997,0","0,3","217,0","0,9",,"0,0"
03/06/2017,0400,"23,1","23,3","22,8","97,0","97,0","96,0","22,5","22,6","22,2","996,7","997,0","996,7","0,5","226,0","0,9",,"0,0"
03/06/2017,0500,"23,3","23,3","23,1","97,0","97,0","97,0","22,7","22,8","22,5","996,0","996,7","996,0","0,2","86,0","1,0",,"0,0"
03/06/2017,0600,"22,7","23,4","22,7","97,0","97,0","96,0","22,2","22,8","22,2","995,5","996,0","995,5","0,3","155,0","0,9",,"0,0"
03/06/2017,0700,"22,6","22,7","22,5","97,0","97,0","97,0","22,1","22,2","22,0","995,5","995,6","995,4","0,2","170,0","0,7",,"0,0"
03/06/2017,0800,,,,,,,,,,,,,,,,,
03/06/2017,0900,,,,,,,,,,,,,,,,,
03/06/2017,1000,,,,,,,,,,,,,,,,,
03/06/2017,1100,,,,,,,,,,,,,,,,,
03/06/2017,1200,"24,4","24,5","22,7","87,0","96,0","87,0","22,1","22,6","22,1","996,2","996,3","995,9","0,6","344,0","1,3","393,60","0,0"
03/06/2017,1300,"26,3","26,3","24,1","81,0","89,0","79,0","22,7","23,0","21,8","995,8","996,2","995,8","1,0","34,0","2,3","1158,80","0,0"
03/06/2017,1400,"28,1","28,1","26,3","73,0","81,0","73,0","22,9","23,6","22,3","995,3","995,8","995,3","1,5","71,0","3,1","2192,80","0,0"
03/06/2017,1500,"29,3","29,4","27,5","67,0","75,0","67,0","22,7","23,6","22,1","996,9","996,9","995,4","1,6","82,0","3,6","2280,80","0,0"
03/06/2017,1600,"29,9","30,8","28,6","62,0","70,0","61,0","21,9","23,2","21,8","996,7","997,3","996,7","2,1","52,0","4,7","1801,30","0,0"
03/06/2017,1700,"30,5","31,3","29,3","61,0","65,0","59,0","22,2","22,9","21,4","995,4","996,7","995,4","1,9","50,0","5,2","1941,10","0,0"
03/06/2017,1800,"30,1","31,7","30,1","59,0","62,0","55,0","21,1","22,4","21,1","993,7","995,4","993,7","2,0","345,0","4,7","2459,80","0,0"
03/06/2017,1900,"31,2","32,0","30,1","56,0","61,0","54,0","21,4","22,3","20,7","993,8","994,5","993,7","2,6","12,0","5,0","1591,60","0,0"
03/06/2017,2000,"31,1","32,3","30,4","61,0","63,0","52,0","22,7","22,8","20,7","993,6","994,0","993,5","2,3","64,0","5,0","1441,30","0,0"
03/06/2017,2100,"30,1","31,7","30,1","60,0","61,0","54,0","21,4","22,4","20,7","994,3","994,4","993,3","2,0","63,0","4,3","896,40","0,0"
03/06/2017,2200,"28,4","30,1","28,4","72,0","72,0","60,0","22,9","22,9","21,4","995,5","995,5","994,4","1,2","69,0","3,6","169,80","0,0"
03/06/2017,2300,"26,0","28,4","26,0","84,0","84,0","72,0","23,0","23,2","22,9","995,9","995,9","995,5","0,2","119,0","2,3",,"0,0"
04/06/2017,0000,"24,8","26,0","24,8","90,0","90,0","84,0","23,1","23,4","23,0","995,8","996,1","995,8","0,8","196,0","1,1",,"0,0"
04/06/2017,0100,"24,3","24,8","24,3","92,0","92,0","90,0","23,0","23,2","22,9","995,7","996,1","995,7","0,6","203,0","1,1",,"0,0"
04/06/2017,0200,"23,8","24,4","23,8","95,0","95,0","92,0","23,0","23,2","23,0","995,6","995,7","995,6","0,6","153,0","1,1",,"0,0"
04/06/2017,0300,"23,6","23,9","23,6","96,0","96,0","95,0","22,9","23,1","22,9","995,8","995,8","995,6","0,3","154,0","1,2",,"0,0"
04/06/2017,0400,"23,3","23,7","23,3","96,0","96,0","96,0","22,6","23,0","22,6","995,3","995,8","995,3","0,6","180,0","0,8",,"0,0"
04/06/2017,0500,"23,3","23,5","23,2","96,0","97,0","96,0","22,7","22,9","22,6","995,1","995,5","995,1","0,7","176,0","1,1",,"0,0"
04/06/2017,0600,"23,2","23,3","23,1","96,0","97,0","96,0","22,6","22,7","22,5","995,0","995,1","995,0","0,1","144,0","1,2",,"0,0"
04/06/2017,0700,"23,1","23,2","23,0","97,0","97,0","96,0","22,5","22,6","22,5","994,7","995,0","994,7","0,3","203,0","0,8",,"0,0"
04/06/2017,0800,"22,7","23,1","22,7","97,0","97,0","97,0","22,2","22,6","22,1","994,9","994,9","994,7","0,3","211,0","0,7",,"0,0"
04/06/2017,0900,,,,,,,,,,,,,,,,,
04/06/2017,1000,,,,,,,,,,,,,,,,,
04/06/2017,1100,"22,7","22,8","22,7","97,0","97,0","97,0","22,2","22,3","22,1","995,8","995,8","995,4","0,2","116,0","0,6","35,70","0,0"
04/06/2017,1200,"25,2","25,2","22,7","89,0","97,0","89,0","23,3","24,1","22,2","996,1","996,3","995,8","0,6","150,0","1,4","439,80","0,0"
04/06/2017,1300,"28,7","28,7","25,2","70,0","89,0","69,0","22,6","23,5","22,3","995,2","996,1","995,2","0,6","125,0","1,4","1371,80","0,0"
04/06/2017,1400,"30,5",,,"63,0",,,"22,5",,,"995,7",,,"1,1","82,0",,"1084,00","0,0"
04/06/2017,1500,"30,7","31,5","29,9","61,0","64,0","57,0","22,3","22,9","21,4","996,8","996,8","995,7","1,2","69,0","3,4","2168,80","0,0"
04/06/2017,1600,"31,0","32,0","30,3","61,0","64,0","56,0","22,5","23,3","21,6","996,0","997,0","996,0","1,2","348,0","3,8","1998,20","0,0"
04/06/2017,1700,"27,1","32,0","27,1","82,0","82,0","57,0","23,8","23,8","21,8","996,9","996,9","995,1","3,6","104,0","10,4","1342,80","0,0"
04/06/2017,1800,"29,0","29,8","27,0","73,0","85,0","65,0","23,7","24,5","22,3","994,0","997,4","994,0","2,1","96,0","8,1","1397,70","0,2"
04/06/2017,1900,"27,9","29,0","27,8","77,0","77,0","67,0","23,4","23,5","22,0","993,6","994,0","993,2","1,6","166,0","4,3","565,80","0,0"
04/06/2017,2000,"27,9","28,1","27,8","75,0","79,0","73,0","23,1","23,9","22,7","992,9","993,6","992,9","1,3","157,0","3,0","606,80","0,0"
04/06/2017,2100,"27,2","27,9","27,2","80,0","80,0","74,0","23,4","23,6","22,8","993,3","993,3","992,8","1,1","167,0","2,9","395,80","0,0"
04/06/2017,2200,"26,6","27,4","26,6","82,0","82,0","78,0","23,3","23,5","23,1","994,0","994,0","993,3","0,6","145,0","2,1","163,20","0,0"
04/06/2017,2300,"25,1","26,6","25,1","90,0","90,0","82,0","23,3","23,5","23,0","995,1","995,1","994,0","0,8","200,0","1,6",,"0,0"
05/06/2017,0000,"24,3","25,3","24,3","92,0","92,0","89,0","23,0","23,4","22,9","995,0","995,3","994,9","0,8","193,0","1,5",,"0,0"
05/06/2017,0100,"24,3","24,6","24,3","95,0","95,0","92,0","23,5","23,8","23,0","994,9","995,2","994,9","0,9","199,0","1,4",,"0,0"
05/06/2017,0200,"24,3","24,4","24,1","96,0","96,0","95,0","23,7","23,7","23,3","994,7","995,1","994,6","0,3","166,0","1,5",,"0,0"
05/06/2017,0300,"23,6","24,5","23,5","96,0","96,0","96,0","23,0","23,8","22,8","994,9","995,0","994,7","1,0","145,0","1,4",,"0,0"
05/06/2017,0400,"23,5","23,9","23,5","96,0","96,0","96,0","22,9","23,3","22,9","994,8","995,1","994,8","0,2","174,0","1,4",,"0,0"
05/06/2017,0500,,,,,,,,,,,,,,,,,
05/06/2017,0600,,,,,,,,,,,,,,,,,
05/06/2017,0700,,,,,,,,,,,,,,,,,
05/06/2017,0800,,,,,,,,,,,,,,,,,
05/06/2017,0900,,,,,,,,,,,,,,,,,
05/06/2017,1000,,,,,,,,,,,,,,,,,
05/06/2017,1100,"23,4",,,"97,0",,,"22,9",,,"994,0",,,"0,8","144,0",,"27,90","0,0"
05/06/2017,1200,"25,9","25,9","23,4","87,0","97,0","87,0","23,5","24,5","22,9","994,4","994,6","994,0","1,5","132,0","4,0","638,30","0,0"
05/06/2017,1300,"28,4","28,4","25,9","80,0","88,0","78,0","24,5","24,6","23,6","994,6","994,7","994,4","1,9","125,0","3,5","1383,10","0,0"
05/06/2017,1400,"30,0","30,0","28,0","71,0","80,0","70,0","24,1","24,7","23,6","994,8","994,8","994,6","1,9","106,0","4,0","2047,00","0,0"
05/06/2017,1500,"31,0","31,4","29,9","60,0","72,0","58,0","22,4","24,2","21,8","995,8","995,8","994,8","1,9","113,0","4,5","2458,70","0,0"
05/06/2017,1600,"30,6","31,1","30,2","64,0","66,0","60,0","23,0","23,3","22,2","996,4","996,5","995,8","1,3","123,0","4,5","1330,40","0,0"
05/06/2017,1700,"32,2","32,3","30,6","56,0","67,0","56,0","22,2","23,9","22,0","993,4","996,4","993,4","1,8","193,0","3,5","2845,20","0,0"
05/06/2017,1800,"31,9","32,9","31,6","55,0","59,0","53,0","21,6","23,2","21,5","992,7","993,4","992,7","1,6","167,0","3,7","2853,80","0,0"
05/06/2017,1900,"31,7","33,1","31,2","58,0","62,0","54,0","22,5","23,0","21,7","993,2","993,4","992,6","1,0","172,0","3,4","978,10","0,0"
05/06/2017,2000,"32,4","32,9","30,9","59,0","64,0","54,0","23,3","24,0","22,0","992,1","993,2","992,1","0,9","232,0","2,8","1117,90","0,0"
05/06/2017,2100,"30,8","33,3","30,8","62,0","62,0","53,0","22,7","23,3","21,8","991,7","992,1","990,8","1,6","138,0","2,9","1067,20","0,0"
05/06/2017,2200,"28,0","30,8","28,0","75,0","75,0","62,0","23,1","23,6","22,6","994,5","994,5","991,7","3,6","95,0","8,5","164,10","0,0"
05/06/2017,2300,"26,2","27,9","25,1","84,0","94,0","75,0","23,4","25,2","21,8","995,4","997,8","994,5","0,8","42,0","9,3","2,10","3,8"
06/06/2017,0000,"24,8","26,3","24,8","88,0","89,0","82,0","22,7","23,4","22,7","994,3","995,4","994,2","0,4","213,0","2,1",,"0,0"
06/06/2017,0100,"24,4","24,8","24,3","91,0","91,0","88,0","22,9","22,9","22,6","994,5","994,7","994,1","1,4","138,0","2,6",,"0,0"
06/06/2017,0200,"24,0","24,6","24,0","92,0","92,0","90,0","22,7","22,9","22,6","995,1","995,1","994,5","0,5","218,0","2,4",,"0,0"
06/06/2017,0300,"23,9","24,1","23,9","95,0","95,0","92,0","23,1","23,2","22,7","995,1","995,2","995,0","0,7","200,0","1,2",,"0,0"
06/06/2017,0400,"23,8","23,9","23,6","96,0","96,0","95,0","23,1","23,2","22,9","995,2","995,2","995,0","0,4","309,0","1,2",,"0,0"
06/06/2017,0500,"23,2","23,8","23,2","96,0","96,0","96,0","22,6","23,1","22,6","994,9","995,2","994,8","0,6","204,0","1,2",,"0,0"
06/06/2017,0600,"23,6","23,6","23,1","97,0","97,0","96,0","23,0","23,1","22,5","994,5","995,1","994,5","0,7","132,0","1,4",,"0,0"
06/06/2017,0700,,,,,,,,,,,,,,,,,
06/06/2017,0800,,,,,,,,,,,,,,,,,
06/06/2017,0900,,,,,,,,,,,,,,,,,
06/06/2017,1000,,,,,,,,,,,,,,,,,
06/06/2017,1100,"23,2","23,2","22,9","97,0","97,0","97,0","22,7","22,7","22,4","995,4","995,4","995,1","0,1","165,0",,"47,50","0,0"
06/06/2017,1200,"25,2","25,2","23,2","88,0","97,0","88,0","23,1","23,5","22,7","995,4","995,5","995,4","1,6","143,0","2,4","537,00","0,0"
06/06/2017,1300,"27,0","27,2","25,2","81,0","88,0","81,0","23,5","24,0","22,9","995,2","995,4","995,2","1,5","116,0","2,9","1340,40","0,0"
06/06/2017,1400,"28,9","29,0","27,0","73,0","82,0","72,0","23,6","24,5","23,3","995,3","995,4","995,2","2,0","135,0","4,2","2048,80","0,0"
06/06/2017,1500,"30,1","30,9","28,7","67,0","73,0","63,0","23,1","24,2","22,8","995,6","995,7","995,3","1,9","81,0","4,2","2448,80","0,0"
06/06/2017,1600,"30,9","32,2","29,9","61,0","68,0","56,0","22,5","24,4","21,8","995,0","995,6","995,0","1,9","86,0","4,6","2763,30","0,0"
06/06/2017,1700,"31,8","31,9","30,4","53,0","65,0","52,0","21,1","23,7","20,3","995,2","995,5","995,0","2,2","62,0","6,1","1965,70","0,0"
06/06/2017,1800,"31,5","32,8","31,2","54,0","58,0","51,0","21,2","22,3","20,9","993,7","995,2","993,7","1,9","83,0","5,6","2197,10","0,0"
06/06/2017,1900,"32,3","33,3","31,3","57,0","58,0","50,0","22,6","22,6","20,9","992,5","993,7","992,3","2,2","105,0","5,4","2369,10","0,0"
06/06/2017,2000,"31,2","32,6","30,8","57,0","60,0","52,0","21,8","22,6","20,9","993,5","993,6","992,4","2,9","90,0","5,5","1277,70","0,0"
06/06/2017,2100,"30,5","31,4","30,5","59,0","60,0","56,0","21,7","22,2","21,4","992,4","993,5","992,4","1,4","85,0","5,1","654,40","0,0"
06/06/2017,2200,"28,5","30,5","28,5","69,0","69,0","59,0","22,2","22,2","21,6","993,5","993,5","992,4","1,3","122,0","3,0","82,90","0,0"
06/06/2017,2300,"25,1","28,5","25,1","88,0","88,0","69,0","23,0","23,2","22,2","994,5","994,5","993,5","0,8","170,0","2,0",,"0,0"
07/06/2017,0000,"24,4","25,1","24,3","91,0","91,0","88,0","22,8","23,2","22,7","994,3","994,5","994,3","0,5","158,0","1,2",,"0,0"
07/06/2017,0100,"23,7","24,4","23,7","94,0","94,0","91,0","22,7","22,9","22,6","994,3","994,4","994,2","0,9","187,0","1,1",,"0,0"
07/06/2017,0200,"23,4","23,8","23,4","95,0","95,0","94,0","22,7","22,9","22,6","994,6","994,6","994,3","0,4","160,0","1,1",,"0,0"
07/06/2017,0300,"23,1","23,5","23,1","96,0","96,0","95,0","22,4","22,7","22,4","994,9","994,9","994,5","1,3","206,0","1,5",,"0,0"
07/06/2017,0400,"22,8","23,1","22,8","96,0","96,0","96,0","22,1","22,4","22,1","995,1","995,2","994,9","0,6","188,0","1,5",,"0,0"
07/06/2017,0500,"22,4","22,8","22,3","97,0","97,0","96,0","21,8","22,1","21,7","995,1","995,2","995,0","0,6","182,0","1,0",,"0,0"
07/06/2017,0600,,,,,,,,,,,,,,,,,
07/06/2017,0700,,,,,,,,,,,,,,,,,
07/06/2017,0800,,,,,,,,,,,,,,,,,
07/06/2017,0900,,,,,,,,,,,,,,,,,
07/06/2017,1000,,,,,,,,,,,,,,,,,
07/06/2017,1100,"21,3",,,"97,0",,,"20,9",,,"994,7",,,"0,4","134,0",,"32,30","0,0"
07/06/2017,1200,"25,2","25,2","21,3","91,0","97,0","91,0","23,5","23,7","21,0","994,1","994,7","994,1","0,6","172,0","1,4","530,40","0,0"
07/06/2017,1300,"27,4","27,4","25,2","75,0","91,0","75,0","22,6","23,8","22,2","994,4","994,4","993,9","1,4","144,0","2,2","1377,90","0,0"
07/06/2017,1400,"30,4","30,5","27,4","61,0","76,0","61,0","22,1","23,1","22,1","994,8","994,9","994,4","1,6","78,0","3,6","2066,80","0,0"
07/06/2017,1500,"31,4","31,8","30,1","55,0","64,0","52,0","21,3","22,7","20,8","995,3","995,4","994,7","2,8","74,0","5,2","2640,20","0,0"
07/06/2017,1600,"32,7","32,7","31,3","47,0","57,0","47,0","19,8","22,1","19,7","995,2","995,5","995,2","2,7","67,0","5,5","2923,20","0,0"
07/06/2017,1700,"33,1","33,5","32,1","48,0","51,0","44,0","20,7","21,6","19,3","994,4","995,2","994,4","2,4","39,0","5,5","3011,30","0,0"
07/06/2017,1800,"33,1","33,4","32,0","47,0","51,0","46,0","20,1","21,6","19,7","993,5","994,4","993,5","2,5","54,0","6,0","2734,40","0,0"
07/06/2017,1900,"32,9","33,8","31,6","48,0","53,0","46,0","20,5","21,8","19,4","992,6","993,5","992,6","2,5","62,0","5,5","1738,00","0,0"
07/06/2017,2000,"31,9","33,6","31,9","48,0","52,0","44,0","19,5","21,7","19,2","992,3","992,6","991,9","2,8","7,0","5,6","1764,20","0,0"
07/06/2017,2100,"32,1","32,9","31,6","51,0","52,0","45,0","20,8","20,8","19,2","992,9","993,0","992,3","1,8","60,0","5,3","871,80","0,0"
07/06/2017,2200,"30,9","32,2","30,9","55,0","55,0","51,0","20,9","21,4","20,5","993,5","993,5","992,8","1,4","18,0","3,8","249,30","0,0"
07/06/2017,2300,"25,4","30,9","25,4","87,0","87,0","55,0","23,1","23,3","20,8","994,8","994,8","993,5","0,7","165,0","2,4",,"0,0"
08/06/2017,0000,"24,6","25,4","24,6","90,0","90,0","87,0","22,9","23,2","22,8","994,6","995,0","994,6","0,5","172,0","1,2",,"0,0"
08/06/2017,0100,"24,4","24,6","24,2","91,0","91,0","90,0","22,8","23,0","22,6","994,6","994,7","994,5","0,5","134,0","1,1",,"0,0"
08/06/2017,0200,"24,1","24,4","23,8","92,0","92,0","91,0","22,7","22,7","22,4","994,7","994,9","994,6","0,5","80,0","1,1",,"0,0"
08/06/2017,0300,"23,8","24,9","23,6","94,0","94,0","89,0","22,7","23,3","22,1","994,7","994,8","994,5","0,6","90,0","1,4",,"0,0"
08/06/2017,0400,"23,2","24,2","23,2","95,0","95,0","91,0","22,4","23,1","22,0","994,6","994,7","994,5","0,9","176,0","1,4",,"0,0"
08/06/2017,0500,"23,3","23,6","23,1","93,0","96,0","93,0","22,2","22,9","22,2","994,5","994,7","994,5","0,3","185,0","1,5",,"0,0"
08/06/2017,0600,"23,0","23,3","22,9","96,0","96,0","93,0","22,2","22,5","22,0","994,4","994,6","994,4","0,6","218,0","1,7",,"0,0"
08/06/2017,0700,,,,,,,,,,,,,,,,,
08/06/2017,0800,,,,,,,,,,,,,,,,,
08/06/2017,0900,,,,,,,,,,,,,,,,,
08/06/2017,1000,,,,,,,,,,,,,,,,,
08/06/2017,1100,"24,5",,,"88,0",,,"22,5",,,"994,8",,,"1,3","292,0",,"28,40","0,0"
08/06/2017,1200,"26,1","26,2","24,5","82,0","88,0","81,0","22,8","23,3","22,1","995,2","995,2","994,8","0,8","227,0","2,9","529,90","0,0"
08/06/2017,1300,"27,6","27,7","26,0","74,0","82,0","73,0","22,5","23,0","22,1","995,6","995,6","995,2","1,6","269,0","3,9","1351,10","0,0"
08/06/2017,1400,"29,5","29,7","27,5","65,0","75,0","65,0","22,2","23,3","22,2","995,8","995,9","995,6","1,0","340,0","3,1","2026,90","0,0"
08/06/2017,1500,"31,6","31,7","29,4","59,0","66,0","55,0","22,6","23,2","21,5","996,0","996,0","995,6","1,8","43,0","3,7","2498,10","0,0"
08/06/2017,1600,"31,7","32,4","31,1","58,0","60,0","54,0","22,3","23,4","21,3","995,7","996,1","995,7","2,2","42,0","5,9","2639,60","0,0"
08/06/2017,1700,"32,1","32,8","31,4","55,0","59,0","52,0","22,0","23,4","21,3","995,0","995,8","995,0","2,3","21,0","5,7","2202,50","0,0"
08/06/2017,1800,"32,9","34,1","32,2","54,0","57,0","50,0","22,5","23,1","21,6","993,1","993,7","993,0","1,6","74,0","5,0","1824,50","0,0"
08/06/2017,1900,,,,,,,,,,,,,,,,,
08/06/2017,2000,"32,2","33,0","31,5","56,0","60,0","53,0","22,3","23,3","21,7","993,8","993,9","993,1","2,6","67,0","5,5","1012,30","0,0"
08/06/2017,2100,"31,6","32,4","31,6","58,0","58,0","56,0","22,3","23,0","22,1","993,6","993,9","993,6","2,4","84,0","5,5","735,30","0,0"
08/06/2017,2200,"27,5","31,6","27,5","81,0","81,0","58,0","23,8","23,8","22,2","995,1","995,1","993,6","0,5","179,0","4,0","136,60","0,0"
08/06/2017,2300,"26,0","27,4","26,0","87,0","87,0","81,0","23,6","23,9","23,4","995,5","995,5","995,1","0,9","175,0","1,5",,"0,0"
09/06/2017,0000,"25,3","26,0","25,2","91,0","91,0","87,0","23,6","24,0","23,5","995,7","995,7","995,5","1,1","156,0","1,7",,"0,0"
09/06/2017,0100,"25,1","25,6","25,1","91,0","91,0","89,0","23,5","23,8","23,4","996,0","996,0","995,7","0,3","159,0","1,7",,"0,0"
09/06/2017,0200,,,,,,,,,,,,,,,,,
09/06/2017,0300,,,,,,,,,,,,,,,,,
09/06/2017,0400,,,,,,,,,,,,,,,,,
09/06/2017,0500,,,,,,,,,,,,,,,,,
09/06/2017,0600,,,,,,,,,,,,,,,,,
09/06/2017,0700,,,,,,,,,,,,,,,,,
09/06/2017,0800,,,,,,,,,,,,,,,,,
09/06/2017,0900,,,,,,,,,,,,,,,,,
09/06/2017,1000,,,,,,,,,,,,,,,,,
09/06/2017,1100,,,,,,,,,,,,,,,,,
09/06/2017,1200,"25,7","25,7","23,0","90,0","97,0","90,0","24,0","24,7","22,6","997,4","997,5","996,6","1,7","144,0","2,8","422,60","0,0"
09/06/2017,1300,"27,9","27,9","25,7","81,0","91,0","80,0","24,3","24,6","23,7","997,5","997,5","997,3","1,3","140,0","3,4","1337,60","0,0"
09/06/2017,1400,"29,3","29,7","27,9","74,0","81,0","71,0","24,1","24,8","23,7","998,2","998,3","997,5","1,1","111,0","3,2","1684,40","0,0"
09/06/2017,1500,"31,2","31,4","29,3","63,0","74,0","62,0","23,3","25,1","22,8","998,6","998,7","998,2","2,5","124,0","4,7","1966,90","0,0"
09/06/2017,1600,"32,4","32,6","30,8","56,0","64,0","55,0","22,6","23,5","22,1","998,1","998,6","998,1","2,4","87,0","5,2","2695,10","0,0"
09/06/2017,1700,"31,8","33,1","31,4","60,0","61,0","53,0","23,0","23,5","21,8","997,6","998,1","997,5","2,6","94,0","5,3","2182,60","0,0"
09/06/2017,1800,"31,8","33,0","31,1","60,0","64,0","55,0","23,0","24,0","22,2","996,2","997,7","996,2","2,1","75,0","4,9","1730,20","0,0"
09/06/2017,1900,"33,6","33,9","31,7","52,0","61,0","50,0","22,3","23,8","21,7","994,8","996,3","994,8","2,2","84,0","5,0","2362,00","0,0"
09/06/2017,2000,"33,2","33,6","32,9","52,0","55,0","49,0","21,9","23,0","21,3","995,2","995,2","994,7","2,1","58,0","5,5","1719,80","0,0"
09/06/2017,2100,"31,6","33,2","31,6","58,0","58,0","51,0","22,3","22,4","21,6","996,2","996,2","995,2","1,6","93,0","5,1","831,30","0,0"
09/06/2017,2200,"29,8","31,6","29,8","67,0","67,0","56,0","23,0","23,0","21,9","997,1","997,1","996,2","1,4","127,0","3,7","102,20","0,0"
09/06/2017,2300,"26,4","29,8","26,4","85,0","85,0","67,0","23,7","23,7","22,9","997,9","997,9","997,1","0,7","163,0","3,0",,"0,0"
10/06/2017,0000,"26,2","26,5","26,1","87,0","88,0","85,0","24,0","24,0","23,6","997,9","998,0","997,8","0,9","130,0","1,4",,"0,0"
10/06/2017,0100,"25,7","26,5","25,7","89,0","89,0","86,0","23,8","24,0","23,6","998,5","998,5","997,8","0,3","163,0","1,3",,"0,0"
10/06/2017,0200,"26,2","26,6","25,7","85,0","89,0","83,0","23,4","23,9","23,4","998,6","998,8","998,5","1,2","180,0","3,0",,"0,0"
10/06/2017,0300,"25,6","26,2","25,6","87,0","87,0","85,0","23,3","23,4","23,3","999,1","999,1","998,6","1,7","154,0","3,9",,"0,0"
10/06/2017,0400,,,,,,,,,,,,,,,,,
10/06/2017,0500,,,,,,,,,,,,,,,,,
10/06/2017,0600,,,,,,,,,,,,,,,,,
10/06/2017,0700,,,,,,,,,,,,,,,,,
10/06/2017,0800,,,,,,,,,,,,,,,,,
10/06/2017,0900,,,,,,,,,,,,,,,,,
10/06/2017,1000,,,,,,,,,,,,,,,,,
10/06/2017,1100,"20,3",,,"86,0",,,"17,8",,,"1001,0",,,"1,5","180,0",,"34,90","0,0"
10/06/2017,1200,"21,7","21,7","20,3","81,0","86,0","80,0","18,2","18,4","17,7","1001,4","1001,5","1001,0","2,1","147,0","4,7","545,00","0,0"
10/06/2017,1300,"22,2","22,5","21,4","76,0","81,0","75,0","17,7","18,4","17,5","1001,8","1001,9","1001,2","2,7","151,0","6,2","1207,10","0,0"
10/06/2017,1400,"24,9","24,9","22,2","71,0","77,0","70,0","19,3","19,4","17,7","1001,8","1002,2","1001,8","2,5","158,0","6,1","1920,90","0,0"
10/06/2017,1500,"25,5","25,6","23,9","68,0","72,0","67,0","19,2","19,4","17,9","1001,7","1001,8","1001,6","2,6","155,0","6,0","2650,60","0,0"
10/06/2017,1600,"25,7","26,2","24,9","67,0","70,0","65,0","19,2","19,9","18,4","1001,5","1001,7","1001,5","2,5","144,0","5,3","2712,80","0,0"
10/06/2017,1700,"27,2","27,8","25,8","66,0","70,0","63,0","20,3","20,8","19,2","1000,6","1001,5","1000,6","1,3","222,0","4,8","2356,30","0,0"
10/06/2017,1800,"27,9","28,9","27,2","63,0","66,0","61,0","20,2","21,6","19,5","999,5","1000,6","999,5","1,3","179,0","4,3","2376,80","0,0"
10/06/2017,1900,"26,2","28,7","26,2","71,0","72,0","63,0","20,6","21,7","20,1","999,5","999,6","999,3","3,0","217,0","5,9","1277,90","0,0"
10/06/2017,2000,"26,9","27,1","26,0","71,0","75,0","68,0","21,1","21,8","20,1","999,1","999,5","999,1","2,1","227,0","5,9","1269,20","0,0"
10/06/2017,2100,"25,8","26,9","25,6","74,0","75,0","70,0","20,9","21,4","20,4","999,1","999,3","999,0","1,8","230,0","4,6","588,40","0,0"
10/06/2017,2200,"24,6","26,0","24,6","79,0","79,0","74,0","20,7","21,0","20,6","999,5","999,6","999,1","1,5","247,0","4,0","181,10","0,0"
10/06/2017,2300,"23,2","24,6","23,2","84,0","84,0","79,0","20,3","20,7","20,3","999,9","999,9","999,5","1,7","225,0","5,2",,"0,0"
11/06/2017,0000,"22,5","23,2","22,4","87,0","87,0","84,0","20,3","20,4","20,2","1000,4","1000,4","999,9","1,2","222,0","3,9",,"0,0"
11/06/2017,0100,"22,6","22,6","22,1","86,0","88,0","86,0","20,1","20,3","20,0","1000,6","1000,6","1000,3","1,4","225,0","3,5",,"0,0"
11/06/2017,0200,"22,2","22,6","22,2","87,0","87,0","86,0","19,9","20,1","19,9","1000,6","1000,7","1000,6","1,5","216,0","3,1",,"0,0"
11/06/2017,0300,"21,7","22,2","21,7","89,0","89,0","87,0","19,7","19,9","19,7","1000,9","1001,1","1000,6","1,7","227,0","4,3",,"0,0"
11/06/2017,0400,"21,1","21,7","21,1","90,0","90,0","89,0","19,5","19,7","19,5","1000,8","1000,9","1000,8","2,0","212,0","5,4",,"0,0"
11/06/2017,0500,,,,,,,,,,,,,,,,,
11/06/2017,0600,,,,,,,,,,,,,,,,,
11/06/2017,0700,,,,,,,,,,,,,,,,,
11/06/2017,0800,,,,,,,,,,,,,,,,,
11/06/2017,0900,,,,,,,,,,,,,,,,,
11/06/2017,1000,,,,,,,,,,,,,,,,,
11/06/2017,1100,,,,,,,,,,,,,,,,,
11/06/2017,1200,"20,1","20,2","19,9","97,0","97,0","97,0","19,7","19,8","19,4","1000,8","1000,8","1000,2","1,2","205,0","2,6","99,60","0,0"
11/06/2017,1300,"20,5","20,6","20,1","97,0","97,0","97,0","20,1","20,2","19,6","1001,5","1001,5","1000,8","1,3","204,0","3,5","301,90","0,0"
11/06/2017,1400,"21,9","22,4","20,5","88,0","97,0","86,0","19,8","20,8","19,4","1000,9","1001,5","1000,9","1,6","140,0","3,9","923,10","0,0"
11/06/2017,1500,"23,7","23,8","21,9","80,0","88,0","80,0","20,2","20,4","19,5","1000,0","1000,9","1000,0","1,1","200,0","3,5","1341,60","0,0"
11/06/2017,1600,"25,0","25,0","23,5","76,0","82,0","75,0","20,5","21,0","19,7","999,5","1000,0","999,5","0,9","207,0","2,9","1375,60","0,0"
11/06/2017,1700,"26,0","26,2","24,4","73,0","79,0","71,0","20,7","21,0","19,9","998,7","999,5","998,7","1,1","186,0","3,6","1438,40","0,0"
11/06/2017,1800,"26,6","26,6","25,7","70,0","74,0","70,0","20,7","21,2","20,2","998,0","998,7","998,0","1,2","193,0","3,1","1673,10","0,0"
11/06/2017,1900,"27,8","28,3","26,2","65,0","72,0","63,0","20,6","21,3","19,9","997,1","998,0","997,1","1,1","3,0","2,9","2033,30","0,0"
11/06/2017,2000,"27,8","28,5","27,2","65,0","68,0","63,0","20,7","21,4","20,1","997,3","997,3","997,0","2,2","312,0","4,3","1619,10","0,0"
11/06/2017,2100,"27,1","27,9","27,1","69,0","70,0","65,0","20,8","21,1","20,3","997,6","997,6","997,2","1,9","282,0","4,3","1021,10","0,0"
11/06/2017,2200,"25,6","27,1","25,6","75,0","75,0","68,0","20,8","21,0","20,6","998,1","998,1","997,6","1,9","279,0","3,7","274,10","0,0"
11/06/2017,2300,"24,6","25,6","24,6","80,0","80,0","75,0","20,9","20,9","20,7","998,7","998,7","998,1","2,1","286,0","3,8",,"0,0"
12/06/2017,0000,"23,9","24,6","23,9","83,0","83,0","80,0","20,8","21,0","20,7","998,8","998,9","998,7","2,4","286,0","5,7",,"0,0"
12/06/2017,0100,"23,7","23,9","23,6","84,0","84,0","83,0","20,8","20,9","20,7","999,2","999,2","998,8","1,5","284,0","5,2",,"0,0"
12/06/2017,0200,"23,7","23,7","23,6","83,0","84,0","83,0","20,7","20,8","20,7","999,2","999,3","999,1","1,1","268,0","3,3",,"0,0"
12/06/2017,0300,"23,4","23,7","23,4","85,0","85,0","83,0","20,6","20,7","20,6","999,4","999,5","999,2","0,6","276,0","3,0",,"0,0"
12/06/2017,0400,"21,8","23,4","21,8","90,0","90,0","85,0","20,1","20,6","20,1","999,7","999,7","999,3","0,6","179,0","1,8",,"0,0"
12/06/2017,0500,,,,,,,,,,,,,,,,,
12/06/2017,0600,,,,,,,,,,,,,,,,,
12/06/2017,0700,,,,,,,,,,,,,,,,,
12/06/2017,0800,,,,,,,,,,,,,,,,,
12/06/2017,0900,,,,,,,,,,,,,,,,,
12/06/2017,1000,,,,,,,,,,,,,,,,,
12/06/2017,1100,"20,4",,,"98,0",,,"20,0",,,"999,6",,,"0,2","123,0",,"30,20","0,0"
12/06/2017,1200,"22,9","22,9","20,4","96,0","98,0","96,0","22,3","22,4","20,0","999,9","1000,0","999,6","1,3","177,0","3,6","525,80","0,0"
12/06/2017,1300,"25,2","25,2","22,9","80,0","96,0","80,0","21,6","22,5","21,5","999,7","999,9","999,6","2,2","159,0","4,4","1387,10","0,0"
12/06/2017,1400,"27,4","27,7","25,2","72,0","82,0","72,0","22,0","22,7","21,6","1000,1","1000,2","999,7","1,8","165,0","4,4","2054,70","0,0"
12/06/2017,1500,"28,8","28,9","27,4","67,0","74,0","66,0","21,9","23,1","21,2","1000,3","1000,3","1000,1","1,9","137,0","4,3","2304,30","0,0"
12/06/2017,1600,"29,4","30,2","28,4","63,0","68,0","60,0","21,5","22,7","20,8","999,9","1000,3","999,9","2,2","167,0","5,5","2621,10","0,0"
12/06/2017,1700,"30,3","30,9","29,0","61,0","65,0","58,0","22,0","22,9","21,1","998,9","999,9","998,9","2,5","179,0","4,9","2532,10","0,0"
12/06/2017,1800,"31,1","31,4","29,4","58,0","63,0","54,0","21,8","23,1","20,7","997,6","998,9","997,6","2,0","159,0","4,7","2713,40","0,0"
12/06/2017,1900,"31,5","31,7","29,9","54,0","59,0","53,0","21,2","22,0","20,1","997,1","997,6","997,1","1,9","166,0","4,9","2000,40","0,0"
12/06/2017,2000,"29,8","31,9","29,8","60,0","60,0","52,0","21,3","21,8","20,4","996,8","997,1","996,6","1,6","166,0","4,2","1485,60","0,0"
12/06/2017,2100,"29,1","29,9","29,1","66,0","68,0","58,0","22,2","22,8","20,5","997,1","997,4","996,8","0,9","157,0","3,0","323,70","0,0"
12/06/2017,2200,"27,1","29,2","27,1","82,0","82,0","64,0","23,8","23,8","21,5","997,0","997,1","997,0","1,0","179,0","2,1","98,80","0,0"
12/06/2017,2300,"25,0","27,4","25,0","88,0","88,0","75,0","22,9","23,9","22,0","997,3","997,3","997,0","1,2","206,0","1,7",,"0,0"
13/06/2017,0000,"24,0","25,1","24,0","91,0","91,0","88,0","22,4","22,9","22,3","997,4","997,4","997,3","0,7","199,0","1,5",,"0,0"
13/06/2017,0100,"23,2","24,7","23,2","92,0","92,0","89,0","21,7","22,9","21,7","997,5","997,6","997,4","0,8","179,0","1,2",,"0,0"
13/06/2017,0200,"22,7","23,3","22,7","95,0","95,0","92,0","21,9","22,1","21,6","997,7","997,7","997,5","0,9","195,0","1,4",,"0,0"
13/06/2017,0300,"22,5","22,7","22,4","96,0","96,0","94,0","21,8","21,9","21,5","998,0","998,1","997,7","0,3","173,0","1,2",,"0,0"
13/06/2017,0400,,,,,,,,,,,,,,,,,
13/06/2017,0500,,,,,,,,,,,,,,,,,
13/06/2017,0600,,,,,,,,,,,,,,,,,
13/06/2017,0700,,,,,,,,,,,,,,,,,
13/06/2017,0800,,,,,,,,,,,,,,,,,
13/06/2017,0900,,,,,,,,,,,,,,,,,
13/06/2017,1000,,,,,,,,,,,,,,,,,
13/06/2017,1100,,,,,,,,,,,,,,,,,
13/06/2017,1200,"24,2","24,2","20,4","92,0","98,0","92,0","22,8","22,9","19,9","998,0","998,3","997,8","0,7","167,0","1,8","522,40","0,0"
13/06/2017,1300,"26,9","26,9","24,2","79,0","92,0","78,0","23,0","23,0","21,8","998,2","998,2","997,9","1,3","162,0","3,2","1358,30","0,0"
13/06/2017,1400,"28,6","28,7","26,9","67,0","79,0","67,0","22,0","23,1","21,6","999,0","999,0","998,2","2,2","150,0","4,0","2034,40","0,0"
13/06/2017,1500,"29,2","30,0","28,6","62,0","68,0","61,0","21,2","22,5","21,2","999,5","999,5","999,0","1,9","119,0","4,6","2507,10","0,0"
13/06/2017,1600,"30,1","31,5","29,0","56,0","66,0","54,0","20,4","22,9","20,2","999,2","999,6","999,2","2,4","137,0","4,9","2923,10","0,0"
13/06/2017,1700,"30,1","31,4","30,0","59,0","61,0","54,0","21,2","22,1","20,3","998,7","999,3","998,7","2,0","147,0","4,9","2423,10","0,0"
13/06/2017,1800,"31,8","32,4","30,1","50,0","60,0","49,0","20,1","21,9","19,8","997,7","998,7","997,7","1,9","155,0","4,6","2689,80","0,0"
13/06/2017,1900,"30,6","31,9","30,4","53,0","57,0","49,0","20,1","21,6","19,4","997,6","997,8","997,5","1,4","144,0","4,1","1296,90","0,0"
13/06/2017,2000,"31,2","32,7","30,3","53,0","57,0","48,0","20,4","21,4","19,3","997,4","997,7","997,1","1,4","140,0","4,4","1218,70","0,0"
13/06/2017,2100,"31,3","32,2","31,0","48,0","53,0","46,0","19,1","20,0","18,9","997,0","997,4","996,8","1,7","124,0","4,0","825,20","0,0"
13/06/2017,2200,"27,6","31,4","27,6","76,0","76,0","48,0","23,0","23,1","18,9","997,8","997,8","997,0","0,7","181,0","2,8","237,80","0,0"
13/06/2017,2300,"24,8","27,6","24,8","87,0","87,0","76,0","22,4","23,2","22,3","998,4","998,5","997,8","0,6","126,0","1,3",,"0,0"
14/06/2017,0000,"23,8","24,8","23,7","90,0","90,0","87,0","21,9","22,5","21,8","998,5","998,6","998,4","0,5","205,0","1,4",,"0,0"
14/06/2017,0100,"23,2","23,8","23,1","91,0","91,0","90,0","21,7","22,1","21,5","998,7","998,7","998,5","0,4","105,0","1,5",,"0,0"
14/06/2017,0200,"22,7","23,2","22,6","92,0","92,0","91,0","21,3","21,7","21,2","999,2","999,2","998,7","0,4","192,0","1,9",,"0,0"
14/06/2017,0300,"22,2","22,8","22,2","93,0","93,0","92,0","21,1","21,5","21,0","999,4","999,4","999,2","0,6","201,0","1,0",,"0,0"
14/06/2017,0400,,,,,,,,,,,,,,,,,
14/06/2017,0500,,,,,,,,,,,,,,,,,
14/06/2017,0600,,,,,,,,,,,,,,,,,
14/06/2017,0700,,,,,,,,,,,,,,,,,
14/06/2017,0800,,,,,,,,,,,,,,,,,
14/06/2017,0900,,,,,,,,,,,,,,,,,
14/06/2017,1000,,,,,,,,,,,,,,,,,
14/06/2017,1100,,,,,,,,,,,,,,,,,
14/06/2017,1200,"24,9","24,9","21,6","81,0","96,0","81,0","21,5","21,6","21,1","1000,1","1000,1","999,6","1,8","164,0","3,0","512,40","0,0"
14/06/2017,1300,"27,6","27,6","24,9","72,0","82,0","71,0","22,0","22,3","21,2","1000,1","1000,2","1000,0","2,0","151,0","3,8","1340,30","0,0"
14/06/2017,1400,"29,2","29,3","27,5","64,0","73,0","64,0","21,7","22,5","21,3","1000,8","1000,9","1000,1","2,4","132,0","4,6","2022,00","0,0"
14/06/2017,1500,"30,7","31,0","29,1","57,0","66,0","57,0","21,3","22,7","21,3","1000,9","1000,9","1000,8","2,6","153,0","4,8","2579,10","0,0"
14/06/2017,1600,"32,1","32,2","30,6","51,0","59,0","51,0","20,8","22,6","20,4","1000,6","1000,9","1000,6","2,8","131,0","6,3","2908,80","0,0"
14/06/2017,1700,"31,5","33,0","31,5","52,0","55,0","48,0","20,5","22,0","20,2","1000,0","1000,7","1000,0","2,5","119,0","6,3","2872,90","0,0"
14/06/2017,1800,"32,0","33,2","31,4","50,0","56,0","47,0","20,1","22,0","19,9","999,1","1000,0","999,1","3,0","129,0","5,6","2538,90","0,0"
14/06/2017,1900,"33,1","33,1","31,5","46,0","54,0","43,0","19,9","21,8","18,8","998,4","999,1","998,4","2,3","134,0","5,5","1896,70","0,0"
14/06/2017,2000,"32,1","33,1","30,9","50,0","57,0","45,0","20,3","22,1","19,6","998,1","998,4","998,0","3,3","128,0","6,2","1543,80","0,0"
14/06/2017,2100,"31,7","32,5","31,7","51,0","52,0","47,0","20,5","21,2","19,6","998,3","998,3","998,1","1,8","142,0","6,2","989,90","0,0"
14/06/2017,2200,"28,1","31,7","28,1","72,0","72,0","51,0","22,6","22,6","20,4","999,4","999,4","998,3","0,9","184,0","2,8","140,90","0,0"
14/06/2017,2300,"25,4","28,1","25,4","85,0","85,0","72,0","22,7","22,9","22,5","999,6","999,7","999,4","0,4","159,0","1,4",,"0,0"
15/06/2017,0000,"24,5","25,4","24,4","88,0","89,0","84,0","22,4","22,8","22,3","999,7","999,7","999,6","0,6","166,0","1,9",,"0,0"
15/06/2017,0100,"23,6","24,5","23,6","90,0","91,0","88,0","22,0","22,4","21,9","999,8","999,9","999,7","0,6","163,0","1,1",,"0,0"
15/06/2017,0200,"23,3","23,7","23,3","91,0","91,0","90,0","21,7","22,0","21,7","1000,2","1000,2","999,8","0,8","207,0","1,2",,"0,0"
15/06/2017,0300,,,,,,,,,,,,,,,,,
15/06/2017,0400,,,,,,,,,,,,,,,,,
15/06/2017,0500,,,,,,,,,,,,,,,,,
15/06/2017,0600,,,,,,,,,,,,,,,,,
15/06/2017,0700,,,,,,,,,,,,,,,,,
15/06/2017,0800,,,,,,,,,,,,,,,,,
15/06/2017,0900,,,,,,,,,,,,,,,,,
15/06/2017,1000,,,,,,,,,,,,,,,,,
15/06/2017,1100,"21,2",,,"97,0",,,"20,7",,,"1000,0",,,"0,2","96,0",,"27,60","0,0"
15/06/2017,1200,"25,0","25,0","21,2","85,0","97,0","85,0","22,2","23,0","20,7","1000,3","1000,3","1000,0","0,8","172,0","1,4","490,60","0,0"
15/06/2017,1300,"27,9","27,9","25,0","73,0","85,0","73,0","22,7","22,9","21,9","1000,4","1000,5","1000,2","1,8","127,0","3,7","1326,90","0,0"
15/06/2017,1400,"29,4","29,5","27,6","66,0","73,0","65,0","22,3","22,7","21,7","1000,7","1000,7","1000,4","2,1","166,0","4,6","2008,20","0,0"
15/06/2017,1500,"31,0","31,2","29,4","55,0","67,0","55,0","21,0","23,0","21,0","1000,7","1000,9","1000,7","1,9","142,0","4,4","2552,90","0,0"
15/06/2017,1600,"32,5","32,7","30,9","50,0","59,0","49,0","20,7","22,6","19,9","1000,5","1000,7","1000,5","2,2","101,0","4,5","2883,50","0,0"
15/06/2017,1700,"32,0","33,1","31,5","52,0","55,0","46,0","20,9","21,9","19,2","1000,2","1000,5","1000,0","2,4","138,0","5,9","2852,60","0,0"
15/06/2017,1800,"33,5","33,9","31,0","43,0","54,0","43,0","19,2","21,6","19,1","999,4","1000,2","999,4","1,4","109,0","5,3","1690,90","0,0"
15/06/2017,1900,"33,4","34,2","32,7","40,0","43,0","37,0","18,1","18,9","17,0","998,1","999,4","998,1","2,9","104,0","6,2","2172,50","0,0"
15/06/2017,2000,"32,8","33,4","32,7","44,0","44,0","38,0","18,8","19,2","17,2","998,1","998,2","998,1","3,0","112,0","6,3","1719,90","0,0"
15/06/2017,2100,"32,3","33,0","32,1","45,0","47,0","43,0","19,0","19,4","18,5","998,3","998,3","998,0","1,9","103,0","5,2","966,70","0,0"
15/06/2017,2200,"29,3","32,3","29,3","59,0","59,0","45,0","20,5","20,5","18,8","999,0","999,0","998,3","0,9","99,0","4,0","211,10","0,0"
15/06/2017,2300,"25,1","29,3","25,1","84,0","84,0","59,0","22,1","22,3","20,4","999,7","999,8","999,0","0,3","157,0","2,3",,"0,0"
16/06/2017,0000,"24,1","25,1","24,1","87,0","88,0","84,0","21,9","22,2","21,9","999,6","999,7","999,6","0,6","206,0","1,6",,"0,0"
16/06/2017,0100,"23,3","24,1","23,3","90,0","90,0","87,0","21,6","21,9","21,6","999,9","999,9","999,6","0,7","179,0","1,4",,"0,0"
16/06/2017,0200,,,,,,,,,,,,,,,,,
16/06/2017,0300,,,,,,,,,,,,,,,,,
16/06/2017,0400,,,,,,,,,,,,,,,,,
16/06/2017,0500,,,,,,,,,,,,,,,,,
16/06/2017,0600,,,,,,,,,,,,,,,,,
16/06/2017,0700,,,,,,,,,,,,,,,,,
16/06/2017,0800,,,,,,,,,,,,,,,,,
16/06/2017,0900,,,,,,,,,,,,,,,,,
16/06/2017,1000,,,,,,,,,,,,,,,,,
16/06/2017,1100,,,,,,,,,,,,,,,,,
16/06/2017,1200,"24,3","24,3","20,2","87,0","97,0","87,0","21,9","22,5","19,7","1000,0","1000,3","1000,0","1,0","173,0","2,4","503,70","0,0"
16/06/2017,1300,"27,5","27,6","24,3","68,0","87,0","68,0","21,1","22,1","20,9","1000,0","1000,1","999,8","1,7","111,0","3,5","1345,00","0,0"
16/06/2017,1400,"30,2","30,2","27,5","58,0","70,0","58,0","20,9","22,2","20,9","999,9","1000,1","999,8","1,7","137,0","3,4","2021,50","0,0"
16/06/2017,1500,"31,6","31,9","29,9","51,0","59,0","50,0","20,3","22,0","19,5","1000,0","1000,1","999,9","2,2","134,0","4,5","2581,90","0,0"
16/06/2017,1600,"32,7","33,1","31,5","43,0","52,0","42,0","18,6","20,5","18,3","999,7","1000,1","999,7","2,6","85,0","5,8","2909,50","0,0"
16/06/2017,1700,"32,5","33,2","31,5","41,0","48,0","40,0","17,7","19,6","17,4","999,4","999,7","999,4","2,6","100,0","5,4","2141,20","0,0"
16/06/2017,1800,"33,6","34,2","32,5","36,0","43,0","34,0","16,3","18,7","15,8","998,1","999,4","998,1","2,7","65,0","6,5","2947,30","0,0"
16/06/2017,1900,"33,2","34,1","32,8","41,0","43,0","31,0","18,2","19,1","14,5","997,7","998,1","997,7","2,5","51,0","6,3","2515,00","0,0"
16/06/2017,2000,"32,1","34,1","31,9","45,0","46,0","36,0","18,6","19,0","16,5","997,3","997,7","997,2","1,5","98,0","5,7","1716,00","0,0"
16/06/2017,2100,"30,4","33,3","30,4","54,0","54,0","39,0","20,0","20,4","17,3","997,9","997,9","997,3","1,0","149,0","4,0","631,80","0,0"
16/06/2017,2200,"27,0","30,4","27,0","76,0","76,0","54,0","22,5","22,6","19,9","998,0","998,1","997,9","0,6","112,0","2,2","96,90","0,0"
16/06/2017,2300,"24,9","27,0","24,9","86,0","86,0","76,0","22,4","22,9","22,2","998,2","998,2","998,0","0,6","180,0","1,6",,"0,0"
17/06/2017,0000,"24,0","24,9","23,9","89,0","89,0","86,0","22,1","22,4","21,9","998,3","998,3","998,2","0,2","152,0","1,0",,"0,0"
17/06/2017,0100,,,,,,,,,,,,,,,,,
17/06/2017,0200,,,,,,,,,,,,,,,,,
17/06/2017,0300,,,,,,,,,,,,,,,,,
17/06/2017,0400,,,,,,,,,,,,,,,,,
17/06/2017,0500,,,,,,,,,,,,,,,,,
17/06/2017,0600,,,,,,,,,,,,,,,,,
17/06/2017,0700,,,,,,,,,,,,,,,,,
17/06/2017,0800,,,,,,,,,,,,,,,,,
17/06/2017,0900,,,,,,,,,,,,,,,,,
17/06/2017,1000,,,,,,,,,,,,,,,,,
17/06/2017,1100,,,,,,,,,,,,,,,,,
17/06/2017,1200,"24,3","24,3","19,7","90,0","97,0","90,0","22,5","22,5","19,2","998,8","998,9","998,4","0,4","172,0","1,0","502,60","0,0"
17/06/2017,1300,"28,2","28,3","24,4","69,0","89,0","67,0","22,1","22,9","21,4","998,8","998,8","998,7","1,5","59,0","3,1","1326,40","0,0"
17/06/2017,1400,"30,2","30,2","28,2","55,0","70,0","53,0","20,1","22,2","19,5","998,7","998,8","998,7","2,8","62,0","5,0","2010,90","0,0"
17/06/2017,1500,"31,6","31,8","30,2","49,0","55,0","49,0","19,5","20,6","19,1","998,9","998,9","998,7","2,4","73,0","5,1","2568,20","0,0"
17/06/2017,1600,"32,3","32,7","31,3","46,0","50,0","43,0","19,2","20,4","18,4","998,5","998,9","998,5","3,2","65,0","7,0","2880,80","0,0"
17/06/2017,1700,"33,1","33,5","32,0","42,0","47,0","42,0","18,6","20,1","18,0","997,8","998,5","997,8","2,5","39,0","6,4","3004,50","0,0"
17/06/2017,1800,"33,4","33,7","32,5","38,0","44,0","37,0","17,2","19,6","15,9","997,1","997,8","997,1","2,4","67,0","5,6","2873,70","0,0"
17/06/2017,1900,"32,2","33,5","31,9","41,0","46,0","38,0","17,4","19,2","16,9","996,8","997,1","996,8","2,1","52,0","5,0","1062,70","0,0"
17/06/2017,2000,"32,6","33,7","31,7","41,0","45,0","37,0","17,6","18,8","16,5","996,1","996,8","996,1","1,8","64,0","5,5","1343,90","0,0"
17/06/2017,2100,"32,1","32,9","32,1","41,0","43,0","38,0","17,0","18,4","16,3","996,2","996,2","996,1","1,8","52,0","4,5","923,40","0,0"
17/06/2017,2200,"30,2","32,1","30,2","51,0","51,0","40,0","18,8","18,8","16,5","997,0","997,0","996,2","1,1","70,0","3,8","250,40","0,0"
17/06/2017,2300,"24,6","30,2","24,6","82,0","82,0","50,0","21,2","21,3","18,8","997,8","997,9","997,0","0,5","165,0","2,1",,"0,0"
18/06/2017,0000,"23,7","24,6","23,7","87,0","87,0","82,0","21,4","21,5","21,2","998,3","998,3","997,8","0,6","200,0","1,0",,"0,0"
18/06/2017,0100,,,,,,,,,,,,,,,,,
18/06/2017,0200,,,,,,,,,,,,,,,,,
18/06/2017,0300,,,,,,,,,,,,,,,,,
18/06/2017,0400,,,,,,,,,,,,,,,,,
18/06/2017,0500,,,,,,,,,,,,,,,,,
18/06/2017,0600,,,,,,,,,,,,,,,,,
18/06/2017,0700,,,,,,,,,,,,,,,,,
18/06/2017,0800,,,,,,,,,,,,,,,,,
18/06/2017,0900,,,,,,,,,,,,,,,,,
18/06/2017,1000,,,,,,,,,,,,,,,,,
18/06/2017,1100,,,,,,,,,,,,,,,,,
18/06/2017,1200,"25,1","25,1","20,8","84,0","97,0","84,0","22,2","22,8","20,3","999,1","999,2","998,8","0,7","139,0","1,2","499,70","0,0"
18/06/2017,1300,"29,3","29,3","25,1","64,0","85,0","64,0","21,7","22,8","21,7","998,9","999,2","998,9","1,1","75,0","2,4","1307,70","0,0"
18/06/2017,1400,"30,5","30,9","29,1","56,0","67,0","55,0","20,8","22,4","20,8","999,0","999,1","998,8","2,0","63,0","4,3","1983,10","0,0"
18/06/2017,1500,"31,6","32,1","30,5","53,0","57,0","52,0","21,0","21,8","20,5","999,0","999,1","998,9","2,8","32,0","5,0","2587,70","0,0"
18/06/2017,1600,"32,4","32,9","31,0","49,0","56,0","49,0","20,3","22,0","20,1","998,5","999,0","998,5","2,0","54,0","6,8","2339,60","0,0"
18/06/2017,1700,"31,9","33,1","31,5","52,0","53,0","48,0","20,7","21,4","19,6","998,0","998,5","998,0","2,2","78,0","5,6","1742,30","0,0"
18/06/2017,1800,"32,9","33,7","31,7","45,0","53,0","44,0","19,3","21,2","18,9","996,9","998,1","996,9","2,7","29,0","4,9","2095,90","0,0"
18/06/2017,1900,"32,5","33,6","32,1","48,0","49,0","43,0","20,0","20,5","18,9","996,4","997,0","996,4","1,4","39,0","5,3","1865,70","0,0"
18/06/2017,2000,"32,5","33,5","32,1","48,0","49,0","43,0","20,0","20,5","18,7","996,4","996,5","996,3","1,9","60,0","4,4","1182,90","0,0"
18/06/2017,2100,"32,3","32,9","32,3","49,0","50,0","45,0","20,1","20,7","19,4","996,4","996,5","996,3","1,8","60,0","4,6","1026,50","0,0"
18/06/2017,2200,"30,3","32,3","30,3","57,0","58,0","49,0","20,9","21,0","20,0","997,2","997,2","996,4","1,4","87,0","3,9","271,90","0,0"
18/06/2017,2300,"26,8","30,3","26,7","76,0","76,0","57,0","22,3","22,3","20,9","998,0","998,0","997,2","0,9","96,0","2,5",,"0,0"
19/06/2017,0000,,,,,,,,,,,,,,,,,
19/06/2017,0100,,,,,,,,,,,,,,,,,
19/06/2017,0200,,,,,,,,,,,,,,,,,
19/06/2017,0300,,,,,,,,,,,,,,,,,
19/06/2017,0400,,,,,,,,,,,,,,,,,
19/06/2017,0500,,,,,,,,,,,,,,,,,
19/06/2017,0600,,,,,,,,,,,,,,,,,
19/06/2017,0700,,,,,,,,,,,,,,,,,
19/06/2017,0800,,,,,,,,,,,,,,,,,
19/06/2017,0900,,,,,,,,,,,,,,,,,
19/06/2017,1000,,,,,,,,,,,,,,,,,
19/06/2017,1100,,,,,,,,,,,,,,,,,
19/06/2017,1200,"26,0","26,0","21,9","82,0","97,0","82,0","22,6","22,7","21,5","1000,4","1000,4","1000,1","0,9","77,0","2,0","472,30","0,0"
19/06/2017,1300,"28,2","28,2","26,0","70,0","83,0","69,0","22,1","23,1","22,0","1000,4","1000,5","1000,4","2,6","96,0","5,0","1306,20","0,0"
19/06/2017,1400,"30,4","30,7","28,2","58,0","70,0","58,0","21,3","22,6","21,3","1000,6","1000,6","1000,3","3,1","89,0","6,4","1965,10","0,0"
19/06/2017,1500,"32,2","32,2","30,4","50,0","58,0","47,0","20,5","21,6","19,4","1000,6","1000,7","1000,6","3,8","74,0","7,7","2553,90","0,0"
19/06/2017,1600,"33,0","33,2","32,1","42,0","50,0","42,0","18,3","20,5","18,2","999,8","1000,6","999,8","3,5","81,0","8,4","2884,30","0,0"
19/06/2017,1700,"33,1","33,6","32,5","40,0","44,0","38,0","17,6","18,9","17,1","999,3","999,9","999,3","3,9","121,0","8,5","2930,80","0,0"
19/06/2017,1800,"33,4","34,0","32,9","40,0","42,0","36,0","17,9","18,5","16,4","998,2","999,3","998,2","3,1","116,0","6,9","2805,30","0,0"
19/06/2017,1900,"33,6","33,8","33,0","39,0","41,0","36,0","17,6","18,4","16,3","997,4","998,2","997,4","2,4","109,0","6,8","2344,30","0,0"
19/06/2017,2000,"32,9","33,9","32,8","42,0","43,0","37,0","18,4","18,6","16,9","997,2","997,4","997,2","2,7","128,0","6,5","1746,70","0,0"
19/06/2017,2100,"32,5","33,0","32,2","45,0","46,0","41,0","18,9","19,2","17,5","997,6","997,6","997,2","2,4","85,0","5,8","937,40","0,0"
19/06/2017,2200,"30,6","32,5","30,6","53,0","53,0","44,0","19,8","19,8","18,8","998,4","998,4","997,6","1,2","82,0","4,5","207,20","0,0"
19/06/2017,2300,"25,9","30,6","25,8","78,0","78,0","53,0","21,8","21,8","19,8","998,9","998,9","998,4","0,4","85,0","2,2",,"0,0"
20/06/2017,0000,"23,9","25,9","23,9","87,0","87,0","78,0","21,6","21,8","21,6","999,4","999,4","998,9","0,8","172,0","1,4",,"0,0"
20/06/2017,0100,,,,,,,,,,,,,,,,,
20/06/2017,0200,,,,,,,,,,,,,,,,,
20/06/2017,0300,,,,,,,,,,,,,,,,,
20/06/2017,0400,,,,,,,,,,,,,,,,,
20/06/2017,0500,,,,,,,,,,,,,,,,,
20/06/2017,0600,,,,,,,,,,,,,,,,,
20/06/2017,0700,,,,,,,,,,,,,,,,,
20/06/2017,0800,,,,,,,,,,,,,,,,,
20/06/2017,0900,,,,,,,,,,,,,,,,,
20/06/2017,1000,,,,,,,,,,,,,,,,,
20/06/2017,1100,,,,,,,,,,,,,,,,,
20/06/2017,1200,,,,,,,,,,,,,,,,,
20/06/2017,1300,"19,5","19,8","19,5","85,0","90,0","85,0","17,0","18,1","17,0","1005,1","1005,1","1004,5","2,6","175,0","6,6","220,00","0,0"
20/06/2017,1400,"19,7","19,7","19,3","84,0","86,0","84,0","17,0","17,2","16,6","1005,2","1005,4","1005,1","2,7","173,0","6,8","441,70","0,0"
20/06/2017,1500,"19,7","19,9","19,5","82,0","84,0","82,0","16,5","17,1","16,4","1005,3","1005,4","1005,2","2,8","161,0","6,8","632,20","0,0"
20/06/2017,1600,"20,2","20,2","19,5","80,0","83,0","79,0","16,5","16,8","16,3","1004,8","1005,3","1004,8","2,3","178,0","6,4","794,30","0,0"
20/06/2017,1700,"21,4","21,6","20,0","75,0","81,0","75,0","16,8","17,2","16,4","1003,7","1004,8","1003,7","2,1","190,0","5,1","1172,80","0,0"
20/06/2017,1800,"22,2","22,7","21,2","72,0","77,0","71,0","17,0","17,7","16,6","1002,0","1003,7","1002,0","2,3","198,0","5,7","1730,00","0,0"
20/06/2017,1900,"23,8","24,1","22,1","69,0","74,0","67,0","17,7","18,2","16,8","1001,2","1002,0","1001,2","1,9","178,0","5,9","2117,00","0,0"
20/06/2017,2000,"24,3","25,0","23,1","70,0","71,0","65,0","18,5","18,6","17,0","1001,1","1001,2","1001,0","1,7","174,0","5,4","1666,30","0,0"
20/06/2017,2100,"23,9","24,5","23,8","71,0","71,0","67,0","18,3","18,6","17,7","1001,2","1001,2","1001,0","2,1","212,0","3,9","971,20","0,0"
20/06/2017,2200,"22,2","23,9","22,2","78,0","78,0","70,0","18,2","18,5","18,0","1001,7","1001,7","1001,1","0,9","194,0","4,0","273,30","0,0"
20/06/2017,2300,,,,,,,,,,,,,,,,,
21/06/2017,0000,,,,,,,,,,,,,,,,,
21/06/2017,0100,,,,,,,,,,,,,,,,,
21/06/2017,0200,,,,,,,,,,,,,,,,,
21/06/2017,0300,,,,,,,,,,,,,,,,,
21/06/2017,0400,,,,,,,,,,,,,,,,,
21/06/2017,0500,,,,,,,,,,,,,,,,,
21/06/2017,0600,,,,,,,,,,,,,,,,,
21/06/2017,0700,,,,,,,,,,,,,,,,,
21/06/2017,0800,,,,,,,,,,,,,,,,,
21/06/2017,0900,,,,,,,,,,,,,,,,,
21/06/2017,1000,,,,,,,,,,,,,,,,,
21/06/2017,1100,,,,,,,,,,,,,,,,,
21/06/2017,1200,"18,4","18,4","16,2","89,0","94,0","89,0","16,5","16,5","15,2","1004,3","1004,3","1003,9","1,7","168,0","3,3","481,20","0,0"
21/06/2017,1300,"20,4","20,4","18,4","81,0","89,0","79,0","17,1","17,3","16,2","1004,8","1004,8","1004,3","2,1","170,0","5,0","1362,50","0,0"
21/06/2017,1400,"22,6","22,6","20,2","72,0","81,0","71,0","17,2","17,5","16,2","1004,9","1004,9","1004,7","2,5","173,0","5,0","2046,20","0,0"
21/06/2017,1500,"24,7","25,0","22,5","64,0","72,0","62,0","17,4","18,2","16,5","1004,6","1004,9","1004,5","2,3","122,0","5,4","2607,40","0,0"
21/06/2017,1600,"26,8","26,9","24,6","55,0","65,0","54,0","16,9","18,2","16,6","1003,6","1004,6","1003,6","1,9","117,0","5,9","2929,80","0,0"
21/06/2017,1700,"28,5","28,5","26,7","51,0","57,0","50,0","17,2","17,9","16,1","1002,6","1003,6","1002,6","2,2","138,0","5,2","3006,10","0,0"
21/06/2017,1800,"29,2","29,3","28,0","48,0","52,0","47,0","16,9","17,8","15,9","1001,2","1002,6","1001,2","1,6","112,0","4,3","2835,60","0,0"
21/06/2017,1900,"30,0","30,3","28,7","46,0","49,0","44,0","17,1","17,8","15,9","1000,2","1001,2","1000,2","1,1","191,0","4,5","2372,90","0,0"
21/06/2017,2000,"29,7","30,3","29,2","47,0","49,0","44,0","17,1","17,7","16,5","999,8","1000,2","999,8","1,8","122,0","4,4","1717,60","0,0"
21/06/2017,2100,"29,1","29,9","29,1","50,0","51,0","46,0","17,7","17,9","16,5","999,8","999,8","999,7","1,3","202,0","3,2","1034,30","0,0"
21/06/2017,2200,"26,0","29,1","26,0","67,0","67,0","49,0","19,5","19,5","17,1","1000,3","1000,3","999,8","0,6","184,0","3,3","266,00","0,0"
21/06/2017,2300,"24,1","26,0","23,9","75,0","76,0","67,0","19,3","19,6","19,1","1000,7","1000,7","1000,3","0,6","79,0","1,3",,"0,0"
22/06/2017,0000,"21,5","24,2","21,5","86,0","86,0","74,0","19,2","19,3","18,9","1001,2","1001,2","1000,7","0,4","169,0","1,7",,"0,0"
22/06/2017,0100,"20,6","21,8","20,6","90,0","90,0","87,0","19,0","19,6","18,9","1001,6","1001,6","1001,2","0,6","214,0","1,8",,"0,0"
22/06/2017,0200,"20,1","20,7","19,9","92,0","92,0","90,0","18,8","19,0","18,5","1002,0","1002,0","1001,5","0,5","204,0","1,2",,"0,0"
22/06/2017,0300,,,,,,,,,,,,,,,,,
22/06/2017,0400,,,,,,,,,,,,,,,,,
22/06/2017,0500,,,,,,,,,,,,,,,,,
22/06/2017,0600,,,,,,,,,,,,,,,,,
22/06/2017,0700,,,,,,,,,,,,,,,,,
22/06/2017,0800,,,,,,,,,,,,,,,,,
22/06/2017,0900,,,,,,,,,,,,,,,,,
22/06/2017,1000,,,,,,,,,,,,,,,,,
22/06/2017,1100,,,,,,,,,,,,,,,,,
22/06/2017,1200,"22,0","22,0","18,1","86,0","97,0","86,0","19,6","19,8","17,7","1001,7","1001,8","1001,7","0,7","209,0","2,1","500,20","0,0"
22/06/2017,1300,"24,7","24,7","22,0","73,0","87,0","72,0","19,5","20,2","18,9","1001,6","1001,7","1001,6","1,6","174,0","4,2","1312,60","0,0"
22/06/2017,1400,"27,2","27,2","24,7","64,0","74,0","63,0","19,8","20,0","19,0","1001,7","1001,8","1001,6","1,4","136,0","4,1","1975,30","0,0"
22/06/2017,1500,"29,6","29,6","27,3","56,0","64,0","55,0","20,0","20,7","19,2","1001,2","1001,8","1001,2","1,8","132,0","3,7","2516,80","0,0"
22/06/2017,1600,"31,1","31,1","29,3","48,0","56,0","47,0","18,8","20,1","17,9","1000,6","1001,2","1000,6","2,6","92,0","4,8","2838,30","0,0"
22/06/2017,1700,"31,5","32,1","30,6","48,0","50,0","45,0","19,2","19,3","18,1","999,9","1000,6","999,9","1,8","154,0","5,1","2911,60","0,0"
22/06/2017,1800,"31,8","32,9","31,6","45,0","49,0","43,0","18,3","19,7","17,8","999,0","999,9","999,0","2,4","121,0","5,3","2477,80","0,0"
22/06/2017,1900,"31,9","33,4","31,6","45,0","46,0","41,0","18,6","19,2","17,5","998,2","999,0","998,2","1,6","47,0","5,2","1798,90","0,0"
22/06/2017,2000,"32,3","33,3","31,7","43,0","45,0","39,0","18,3","18,9","17,1","997,6","998,2","997,6","1,5","52,0","4,9","1177,60","0,0"
22/06/2017,2100,"30,2","32,4","30,2","55,0","55,0","42,0","20,1","20,1","17,5","998,0","998,0","997,6","0,8","54,0","3,7","298,90","0,0"
22/06/2017,2200,"26,6","30,1","26,6","74,0","74,0","54,0","21,6","22,0","19,5","998,4","998,4","998,0","0,7","170,0","2,6","172,50","0,0"
22/06/2017,2300,"24,3","26,6","24,3","82,0","82,0","74,0","21,0","22,1","21,0","998,9","998,9","998,4","1,6","203,0","1,9",,"0,0"
23/06/2017,0000,"23,1","24,3","23,1","88,0","88,0","82,0","21,0","21,2","20,8","999,2","999,2","998,9","0,4","193,0","1,9",,"0,0"
23/06/2017,0100,,,,,,,,,,,,,,,,,
23/06/2017,0200,,,,,,,,,,,,,,,,,
23/06/2017,0300,,,,,,,,,,,,,,,,,
23/06/2017,0400,,,,,,,,,,,,,,,,,
23/06/2017,0500,,,,,,,,,,,,,,,,,
23/06/2017,0600,,,,,,,,,,,,,,,,,
23/06/2017,0700,,,,,,,,,,,,,,,,,
23/06/2017,0800,,,,,,,,,,,,,,,,,
23/06/2017,0900,,,,,,,,,,,,,,,,,
23/06/2017,1000,,,,,,,,,,,,,,,,,
23/06/2017,1100,"20,8",,,"97,0",,,"20,4",,,"1000,0",,,"0,1","22,0",,"25,80","0,0"
23/06/2017,1200,"24,4","24,4","20,7","83,0","97,0","83,0","21,4","22,0","20,2","1000,5","1000,5","1000,0","0,5","182,0","1,0","478,80","0,0"
23/06/2017,1300,"27,3","27,3","24,4","72,0","83,0","71,0","21,8","21,9","20,8","1000,6","1000,7","1000,5","1,7","197,0","4,0","1214,50","0,0"
23/06/2017,1400,"28,8","28,8","27,2","62,0","71,0","62,0","20,8","21,4","20,4","1000,8","1000,9","1000,6","2,4","174,0","5,0","1939,60","0,0"
23/06/2017,1500,"30,0","30,2","28,7","58,0","64,0","56,0","20,8","21,7","19,9","1001,0","1001,0","1000,7","1,8","201,0","5,2","2495,60","0,0"
23/06/2017,1600,"31,4","31,6","29,7","53,0","61,0","52,0","20,7","22,1","20,2","1000,2","1001,0","1000,2","1,3","238,0","4,8","2824,70","0,0"
23/06/2017,1700,"31,5","32,0","29,9","52,0","60,0","51,0","20,4","22,1","20,0","999,2","1000,2","999,2","1,5","177,0","3,6","2446,40","0,0"
23/06/2017,1800,"31,5","32,4","30,7","50,0","55,0","49,0","20,0","21,4","19,6","998,3","999,2","998,3","1,9","137,0","3,5","2437,30","0,0"
23/06/2017,1900,"32,3","33,0","31,3","48,0","52,0","43,0","19,8","20,8","18,6","997,7","998,3","997,7","1,7","125,0","4,2","1529,90","0,0"
23/06/2017,2000,"30,6","32,3","30,6","57,0","58,0","48,0","21,1","21,5","19,4","997,8","997,8","997,7","0,7","137,0","4,2","440,30","0,0"
23/06/2017,2100,"28,9","30,6","28,9","66,0","66,0","54,0","21,9","21,9","20,2","997,9","997,9","997,6","0,9","200,0","2,5","190,10","0,0"
23/06/2017,2200,"27,4","30,1","27,4","72,0","72,0","57,0","22,0","22,1","20,5","998,1","998,1","997,9","0,6","170,0","2,5","123,00","0,0"
23/06/2017,2300,,,,,,,,,,,,,,,,,
24/06/2017,0000,,,,,,,,,,,,,,,,,
24/06/2017,0100,,,,,,,,,,,,,,,,,
24/06/2017,0200,,,,,,,,,,,,,,,,,
24/06/2017,0300,,,,,,,,,,,,,,,,,
24/06/2017,0400,,,,,,,,,,,,,,,,,
24/06/2017,0500,,,,,,,,,,,,,,,,,
24/06/2017,0600,,,,,,,,,,,,,,,,,
24/06/2017,0700,,,,,,,,,,,,,,,,,
24/06/2017,0800,,,,,,,,,,,,,,,,,
24/06/2017,0900,,,,,,,,,,,,,,,,,
24/06/2017,1000,,,,,,,,,,,,,,,,,
24/06/2017,1100,"22,7",,,"94,0",,,"21,6",,,"1000,3",,,"0,4","152,0",,"34,50","0,0"
24/06/2017,1200,"26,4","26,6","22,7","75,0","94,0","75,0","21,6","22,9","21,6","1000,7","1000,8","1000,3","1,0","156,0","1,6","564,30","0,0"
24/06/2017,1300,"29,3","29,3","26,4","64,0","76,0","63,0","21,8","22,2","21,4","1001,2","1001,2","1000,6","0,8","118,0","1,9","1264,00","0,0"
24/06/2017,1400,"30,8","31,3","29,3","55,0","64,0","54,0","20,6","22,1","20,6","1001,6","1001,6","1001,2","1,8","90,0","3,5","1894,10","0,0"
24/06/2017,1500,"31,9","32,2","30,6","51,0","57,0","50,0","20,5","21,6","19,8","1001,4","1001,6","1001,4","2,4","81,0","5,6","2395,40","0,0"
24/06/2017,1600,"31,2","33,1","31,2","53,0","53,0","46,0","20,5","20,6","19,3","1000,9","1001,4","1000,9","2,4","96,0","6,1","2574,90","0,0"
24/06/2017,1700,"31,1","32,5","30,0","51,0","58,0","48,0","19,7","22,2","19,6","1000,6","1001,2","1000,6","2,4","102,0","5,2","1173,80","0,0"
24/06/2017,1800,"32,7","32,9","30,4","46,0","58,0","46,0","19,7","21,3","19,7","999,8","1000,6","999,8","1,7","101,0","4,3","954,80","0,0"
24/06/2017,1900,"31,6","33,6","31,6","49,0","50,0","44,0","19,5","20,7","19,0","998,8","999,8","998,6","1,8","60,0","4,1","1451,10","0,0"
24/06/2017,2000,"32,7","32,8","31,3","47,0","52,0","47,0","19,9","20,3","19,2","998,4","999,0","998,4","1,4","50,0","4,4","677,40","0,0"
24/06/2017,2100,"30,3","32,7","30,3","55,0","55,0","46,0","20,3","20,5","19,1","998,7","998,7","998,2","1,1","90,0","5,3","267,60","0,0"
24/06/2017,2200,,,,,,,,,,,,,,,,,
24/06/2017,2300,,,,,,,,,,,,,,,,,
25/06/2017,0000,,,,,,,,,,,,,,,,,
25/06/2017,0100,,,,,,,,,,,,,,,,,
25/06/2017,0200,,,,,,,,,,,,,,,,,
25/06/2017,0300,,,,,,,,,,,,,,,,,
25/06/2017,0400,,,,,,,,,,,,,,,,,
25/06/2017,0500,,,,,,,,,,,,,,,,,
25/06/2017,0600,,,,,,,,,,,,,,,,,
25/06/2017,0700,,,,,,,,,,,,,,,,,
25/06/2017,0800,,,,,,,,,,,,,,,,,
25/06/2017,0900,,,,,,,,,,,,,,,,,
25/06/2017,1000,,,,,,,,,,,,,,,,,
25/06/2017,1100,,,,,,,,,,,,,,,,,
25/06/2017,1200,"24,4","24,4","20,1","84,0","97,0","84,0","21,4","22,6","19,7","1002,6","1002,7","1002,2","0,4","189,0","0,8","477,70","0,0"
25/06/2017,1300,"27,8","27,8","24,4","67,0","84,0","67,0","21,2","21,9","20,7","1002,5","1002,6","1002,4","1,5","107,0","3,1","1297,60","0,0"
25/06/2017,1400,"30,5","30,5","27,6","55,0","67,0","54,0","20,3","21,5","19,9","1002,6","1002,6","1002,5","1,5","94,0","3,9","1975,00","0,0"
25/06/2017,1500,"30,9","31,6","29,8","49,0","56,0","49,0","19,1","20,7","18,9","1002,4","1002,6","1002,4","2,8","123,0","5,3","2511,80","0,0"
25/06/2017,1600,"32,1","32,5","30,7","42,0","51,0","39,0","17,5","20,2","16,7","1001,9","1002,4","1001,9","2,7","122,0","5,5","2820,80","0,0"
25/06/2017,1700,"32,8","33,5","32,1","37,0","43,0","34,0","16,2","18,1","15,0","1001,3","1001,9","1001,3","2,7","90,0","6,0","2847,30","0,0"
25/06/2017,1800,"32,8","33,6","31,9","36,0","40,0","33,0","15,6","16,9","14,3","1000,3","1001,3","1000,3","2,4","135,0","5,4","2280,00","0,0"
25/06/2017,1900,"33,0","33,3","31,8","35,0","39,0","33,0","15,6","16,8","14,6","999,6","1000,3","999,6","2,3","137,0","5,3","2154,70","0,0"
25/06/2017,2000,"32,6","32,9","32,3","38,0","39,0","34,0","16,6","16,9","14,7","999,3","999,6","999,3","2,3","143,0","5,4","1728,20","0,0"
25/06/2017,2100,"31,8","33,0","31,8","39,0","39,0","36,0","16,1","17,0","15,5","999,0","999,3","999,0","1,7","131,0","3,9","1004,40","0,0"
25/06/2017,2200,"29,8","31,9","29,7","50,0","50,0","38,0","18,2","18,2","15,9","999,3","999,3","999,0","1,1","113,0","3,2","272,30","0,0"
25/06/2017,2300,"25,7","29,8","25,5","71,0","71,0","50,0","20,1","20,1","18,2","999,8","999,8","999,3","1,1","103,0","2,2",,"0,0"
26/06/2017,0000,"23,4","25,8","23,4","82,0","82,0","70,0","20,1","20,1","19,7","1000,2","1000,2","999,8","0,6","116,0","1,8",,"0,0"
26/06/2017,0100,,,,,,,,,,,,,,,,,
26/06/2017,0200,,,,,,,,,,,,,,,,,
26/06/2017,0300,,,,,,,,,,,,,,,,,
26/06/2017,0400,,,,,,,,,,,,,,,,,
26/06/2017,0500,,,,,,,,,,,,,,,,,
26/06/2017,0600,,,,,,,,,,,,,,,,,
26/06/2017,0700,,,,,,,,,,,,,,,,,
26/06/2017,0800,,,,,,,,,,,,,,,,,
26/06/2017,0900,,,,,,,,,,,,,,,,,
26/06/2017,1000,,,,,,,,,,,,,,,,,
26/06/2017,1100,,,,,,,,,,,,,,,,,
26/06/2017,1200,"23,6","23,6","18,8","89,0","98,0","89,0","21,6","21,8","18,4","1001,3","1001,4","1000,8","0,6","173,0","1,1","479,60","0,0"
26/06/2017,1300,"26,4","26,4","23,6","70,0","89,0","70,0","20,6","21,7","19,9","1001,4","1001,4","1001,2","1,5","131,0","3,1","1316,50","0,0"
26/06/2017,1400,"29,4","29,7","26,4","54,0","70,0","53,0","19,1","20,8","19,0","1001,4","1001,4","1001,3","1,9","95,0","4,5","1983,70","0,0"
26/06/2017,1500,"31,0","31,0","29,4","49,0","56,0","45,0","19,0","19,8","17,5","1001,1","1001,4","1001,1","2,0","103,0","5,7","2537,40","0,0"
26/06/2017,1600,"32,0","32,3","31,0","44,0","49,0","41,0","18,4","19,4","17,2","1000,3","1001,1","1000,3","2,1","128,0","5,3","2851,20","0,0"
26/06/2017,1700,"32,5","32,8","31,4","40,0","45,0","40,0","17,1","18,6","17,0","999,5","1000,3","999,4","2,6","138,0","5,3","2929,40","0,0"
26/06/2017,1800,"32,6","33,6","32,2","37,0","42,0","34,0","16,2","18,0","15,3","998,4","999,5","998,4","2,3","132,0","4,7","2792,90","0,0"
26/06/2017,1900,"33,1","33,4","32,5","36,0","39,0","33,0","16,2","17,2","14,6","997,7","998,4","997,7","1,8","156,0","4,6","2341,10","0,0"
26/06/2017,2000,"32,6","33,2","32,4","35,0","38,0","34,0","15,0","16,8","15,0","997,5","997,8","997,5","2,1","149,0","4,5","1732,60","0,0"
26/06/2017,2100,"32,7","32,9","32,3","36,0","41,0","34,0","15,5","17,1","15,0","997,4","997,5","997,4","1,0","69,0","3,5","1032,40","0,0"
26/06/2017,2200,"29,4","32,7","29,4","47,0","47,0","36,0","16,9","17,0","15,4","998,0","998,0","997,4","0,9","89,0","3,5","252,40","0,0"
26/06/2017,2300,"24,1","29,4","24,1","79,0","79,0","47,0","20,2","20,2","16,7","998,6","998,6","998,0","0,6","171,0","1,7",,"0,0"
27/06/2017,0000,"23,3","24,1","23,2","85,0","85,0","79,0","20,6","20,6","20,1","999,2","999,2","998,6","0,3","318,0","0,9",,"0,0"
27/06/2017,0100,,,,,,,,,,,,,,,,,
27/06/2017,0200,,,,,,,,,,,,,,,,,
27/06/2017,0300,,,,,,,,,,,,,,,,,
27/06/2017,0400,,,,,,,,,,,,,,,,,
27/06/2017,0500,,,,,,,,,,,,,,,,,
27/06/2017,0600,,,,,,,,,,,,,,,,,
27/06/2017,0700,,,,,,,,,,,,,,,,,
27/06/2017,0800,,,,,,,,,,,,,,,,,
27/06/2017,0900,,,,,,,,,,,,,,,,,
27/06/2017,1000,,,,,,,,,,,,,,,,,
27/06/2017,1100,,,,,,,,,,,,,,,,,
27/06/2017,1200,"24,0","24,0","19,7","85,0","97,0","85,0","21,3","21,4","19,1","1001,4","1001,4","1000,8","0,4","167,0","1,1","475,20","0,0"
27/06/2017,1300,"26,9",,,"69,0",,,"20,7",,,"1001,6",,,,,,"160,60","0,0"
27/06/2017,1400,"29,9","29,9","26,9","58,0","71,0","56,0","20,8","21,7","20,2","1001,6","1001,7","1001,6","0,9","36,0","3,2","1942,50","0,0"
27/06/2017,1500,"31,2","31,4","29,4","49,0","59,0","48,0","19,1","20,7","18,7","1001,5","1001,7","1001,5","1,6","80,0","3,1","2494,80","0,0"
27/06/2017,1600,"32,7","32,7","31,0","45,0","50,0","43,0","19,4","19,7","18,1","1000,8","1001,5","1000,8","1,1","23,0","4,3","2875,40","0,0"
27/06/2017,1700,"33,1","33,1","31,2","45,0","47,0","43,0","19,5","19,7","18,0","1000,2","1000,8","1000,2","1,7","117,0","5,2","2655,70","0,0"
27/06/2017,1800,"33,2","33,9","32,4","40,0","45,0","39,0","17,9","19,3","17,4","999,2","1000,2","999,2","1,8","69,0","4,4","3003,10","0,0"
27/06/2017,1900,"31,4","33,3","31,4","47,0","47,0","40,0","18,8","18,9","17,4","999,0","999,2","998,9","1,6","102,0","4,2","1262,00","0,0"
27/06/2017,2000,"30,4","32,1","30,4","53,0","55,0","44,0","19,8","20,4","17,8","998,7","999,0","998,7","0,6","174,0","3,5","448,80","0,0"
27/06/2017,2100,"31,0","31,4","30,2","48,0","57,0","43,0","18,7","20,8","17,4","998,4","998,7","998,4","1,3","63,0","2,9","333,90","0,0"
27/06/2017,2200,,,,,,,,,,,,,,,,,
27/06/2017,2300,,,,,,,,,,,,,,,,,
28/06/2017,0000,,,,,,,,,,,,,,,,,
28/06/2017,0100,,,,,,,,,,,,,,,,,
28/06/2017,0200,,,,,,,,,,,,,,,,,
28/06/2017,0300,,,,,,,,,,,,,,,,,
28/06/2017,0400,,,,,,,,,,,,,,,,,
28/06/2017,0500,,,,,,,,,,,,,,,,,
28/06/2017,0600,,,,,,,,,,,,,,,,,
28/06/2017,0700,,,,,,,,,,,,,,,,,
28/06/2017,0800,,,,,,,,,,,,,,,,,
28/06/2017,0900,,,,,,,,,,,,,,,,,
28/06/2017,1000,,,,,,,,,,,,,,,,,
28/06/2017,1100,,,,,,,,,,,,,,,,,
28/06/2017,1200,"24,2","24,2","19,9","83,0","97,0","83,0","21,1","21,5","19,3","1002,3","1002,3","1001,8","1,3","134,0","2,1","473,70","0,0"
28/06/2017,1300,"27,5","27,6","24,2","67,0","83,0","67,0","20,7","21,5","20,7","1002,6","1002,7","1002,3","2,8","87,0","5,6","1296,80","0,0"
28/06/2017,1400,"29,6","29,8","27,4","53,0","67,0","52,0","18,8","21,1","18,8","1002,8","1002,9","1002,6","3,8","92,0","8,0","1960,00","0,0"
28/06/2017,1500,"31,3","31,3","29,6","45,0","54,0","45,0","17,9","19,5","17,4","1002,3","1002,8","1002,3","3,1","93,0","8,5","2518,40","0,0"
28/06/2017,1600,"31,9","32,2","31,2","42,0","46,0","42,0","17,4","18,6","16,9","1001,9","1002,3","1001,9","3,3","107,0","8,3","2829,50","0,0"
28/06/2017,1700,"32,9","33,0","31,8","37,0","43,0","37,0","16,4","18,0","15,9","1001,2","1001,9","1001,2","3,0","103,0","7,4","2890,90","0,0"
28/06/2017,1800,"33,3","33,7","32,5","36,0","39,0","34,0","16,2","17,4","14,6","1000,3","1001,2","1000,3","2,7","65,0","7,4","2741,90","0,0"
28/06/2017,1900,"33,3","33,8","32,9","35,0","38,0","33,0","15,9","16,7","14,9","999,7","1000,3","999,7","2,3","98,0","6,0","2309,10","0,0"
28/06/2017,2000,"33,1","33,8","32,4","34,0","38,0","33,0","15,0","16,5","14,5","999,5","999,7","999,5","2,1","97,0","6,2","1742,50","0,0"
28/06/2017,2100,"31,6","33,1","31,6","41,0","41,0","33,0","16,8","16,9","14,5","999,5","999,6","999,4","2,3","116,0","5,1","1058,30","0,0"
28/06/2017,2200,"29,9","31,6","29,9","47,0","48,0","41,0","17,5","17,6","16,5","999,9","999,9","999,5","1,0","91,0","4,2","296,00","0,0"
28/06/2017,2300,"26,3","29,9","26,3","64,0","64,0","48,0","18,9","18,9","17,5","1000,4","1000,4","999,9","1,1","103,0","2,3",,"0,0"
29/06/2017,0000,,,,,,,,,,,,,,,,,
29/06/2017,0100,,,,,,,,,,,,,,,,,
29/06/2017,0200,,,,,,,,,,,,,,,,,
29/06/2017,0300,,,,,,,,,,,,,,,,,
29/06/2017,0400,,,,,,,,,,,,,,,,,
29/06/2017,0500,,,,,,,,,,,,,,,,,
29/06/2017,0600,,,,,,,,,,,,,,,,,
29/06/2017,0700,,,,,,,,,,,,,,,,,
29/06/2017,0800,,,,,,,,,,,,,,,,,
29/06/2017,0900,,,,,,,,,,,,,,,,,
29/06/2017,1000,,,,,,,,,,,,,,,,,
29/06/2017,1100,,,,,,,,,,,,,,,,,
29/06/2017,1200,"23,0","23,0","18,3","82,0","97,0","82,0","19,8","20,2","17,8","1002,8","1002,8","1002,4","1,3","166,0","2,2","489,40","0,0"
29/06/2017,1300,"26,4","26,6","23,0","63,0","83,0","63,0","18,8","20,5","18,7","1003,1","1003,1","1002,8","1,6","130,0","2,6","1324,60","0,0"
29/06/2017,1400,"28,9","29,0","26,4","53,0","64,0","52,0","18,2","19,3","17,9","1003,0","1003,2","1003,0","2,2","139,0","4,5","1985,30","0,0"
29/06/2017,1500,"31,1","31,1","28,7","37,0","54,0","37,0","14,8","18,8","14,7","1002,5","1003,0","1002,5","2,6","104,0","5,2","2561,90","0,0"
29/06/2017,1600,"31,8","32,5","30,8","34,0","40,0","34,0","14,2","16,3","14,2","1002,0","1002,5","1002,0","3,0","80,0","6,7","2861,40","0,0"
29/06/2017,1700,"32,9","33,3","31,6","29,0","36,0","28,0","12,7","15,1","11,7","1001,2","1002,0","1001,2","2,3","77,0","6,6","2913,00","0,0"
29/06/2017,1800,"32,8","33,6","32,3","31,0","32,0","27,0","13,7","13,8","11,3","1000,8","1001,3","1000,8","2,8","61,0","6,4","2781,40","0,0"
29/06/2017,1900,"33,1","33,3","32,1","31,0","32,0","28,0","13,8","14,3","12,0","1000,2","1000,8","1000,2","2,2","46,0","5,5","2329,70","0,0"
29/06/2017,2000,"32,4","33,2","32,1","31,0","33,0","30,0","13,2","14,2","12,7","1000,0","1000,2","1000,0","2,1","87,0","5,0","1716,00","0,0"
29/06/2017,2100,"31,7","32,5","31,7","33,0","33,0","30,0","13,3","13,8","12,6","1000,3","1000,3","1000,0","1,8","100,0","4,3","1045,80","0,0"
29/06/2017,2200,"28,6","31,9","28,6","46,0","46,0","33,0","15,8","15,8","13,3","1000,9","1000,9","1000,3","1,2","127,0","3,5","281,50","0,0"
29/06/2017,2300,"24,4","28,6","24,0","70,0","74,0","46,0","18,4","19,1","15,9","1001,3","1001,3","1000,9","0,4","106,0","1,8",,"0,0"
30/06/2017,0000,"22,1","24,3","22,1","83,0","83,0","70,0","19,1","19,2","18,1","1001,9","1001,9","1001,3","0,2","184,0","1,0",,"0,0"
30/06/2017,0100,,,,,,,,,,,,,,,,,
30/06/2017,0200,,,,,,,,,,,,,,,,,
30/06/2017,0300,,,,,,,,,,,,,,,,,
30/06/2017,0400,,,,,,,,,,,,,,,,,
30/06/2017,0500,,,,,,,,,,,,,,,,,
30/06/2017,0600,,,,,,,,,,,,,,,,,
30/06/2017,0700,,,,,,,,,,,,,,,,,
30/06/2017,0800,,,,,,,,,,,,,,,,,
30/06/2017,0900,,,,,,,,,,,,,,,,,
30/06/2017,1000,,,,,,,,,,,,,,,,,
30/06/2017,1100,,,,,,,,,,,,,,,,,
30/06/2017,1200,"22,7","22,7","19,0","84,0","93,0","84,0","19,9","19,9","17,9","1004,4","1004,4","1003,6","0,6","195,0","1,5","392,60","0,0"
30/06/2017,1300,"25,4","25,6","22,7","65,0","84,0","65,0","18,4","20,0","18,3","1004,7","1004,8","1004,4","1,9","127,0","3,6","1074,50","0,0"
30/06/2017,1400,"28,6","28,6","25,3","58,0","66,0","57,0","19,6","19,6","18,1","1004,8","1004,8","1004,7","2,3","111,0","4,5","1928,20","0,0"
30/06/2017,1500,"30,6","30,8","28,6","50,0","58,0","48,0","19,0","19,7","18,3","1004,3","1004,7","1004,3","2,3","136,0","5,6","2514,60","0,0"
30/06/2017,1600,"32,4","32,4","30,6","43,0","51,0","41,0","18,2","19,9","17,2","1003,7","1004,3","1003,7","2,1","101,0","5,5","3021,10","0,0"
30/06/2017,1700,"33,2","33,4","32,0","34,0","43,0","34,0","15,4","18,0","14,6","1002,9","1003,7","1002,9","3,0","98,0","5,9","2767,10","0,0"
30/06/2017,1800,"32,5","33,5","32,3","36,0","38,0","31,0","15,5","16,6","13,7","1001,9","1002,9","1001,9","2,9","128,0","5,9","2706,20","0,0"
30/06/2017,1900,"32,8","33,7","32,4","33,0","38,0","31,0","14,3","16,9","13,6","1001,2","1001,9","1001,2","2,4","105,0","5,9","2259,10","0,0"
30/06/2017,2000,"32,3","33,2","32,3","35,0","35,0","32,0","15,0","15,5","14,1","1001,1","1001,2","1001,0","2,5","119,0","5,8","1723,90","0,0"
30/06/2017,2100,"31,8","32,7","31,8","38,0","39,0","34,0","15,8","16,5","14,7","1001,3","1001,3","1001,1","1,6","120,0","4,4","1065,20","0,0"
30/06/2017,2200,"30,4","32,0","30,4","45,0","45,0","37,0","17,0","17,0","15,4","1001,8","1001,8","1001,3","1,2","82,0","3,5","298,80","0,0"
30/06/2017,2300,,,,,,,,,,,,,,,,,
01/07/2017,0000,,,,,,,,,,,,,,,,,
01/07/2017,0100,,,,,,,,,,,,,,,,,
01/07/2017,0200,,,,,,,,,,,,,,,,,
01/07/2017,0300,,,,,,,,,,,,,,,,,
01/07/2017,0400,,,,,,,,,,,,,,,,,
01/07/2017,0500,,,,,,,,,,,,,,,,,
01/07/2017,0600,,,,,,,,,,,,,,,,,
01/07/2017,0700,,,,,,,,,,,,,,,,,
01/07/2017,0800,,,,,,,,,,,,,,,,,
01/07/2017,0900,,,,,,,,,,,,,,,,,
01/07/2017,1000,,,,,,,,,,,,,,,,,
01/07/2017,1100,,,,,,,,,,,,,,,,,
01/07/2017,1200,"24,0","24,0","20,1","78,0","96,0","77,0","20,0","20,2","19,3","1005,2","1005,2","1004,8","1,2","164,0","2,0","462,30","0,0"
01/07/2017,1300,"26,9","27,0","24,0","63,0","79,0","61,0","19,2","20,4","18,9","1005,7","1005,7","1005,2","2,5","130,0","4,7","1294,70","0,0"
01/07/2017,1400,"29,4","29,5","26,9","53,0","63,0","53,0","18,9","19,6","18,7","1005,8","1005,9","1005,6","2,0","132,0","5,6","1942,90","0,0"
01/07/2017,1500,"30,9","31,5","29,3","47,0","54,0","44,0","18,1","19,1","17,3","1005,7","1005,9","1005,7","2,7","126,0","5,8","2493,00","0,0"
01/07/2017,1600,"31,8","33,0","30,9","40,0","47,0","39,0","16,7","18,3","16,6","1005,2","1005,8","1005,2","4,0","122,0","7,4","2767,40","0,0"
01/07/2017,1700,"32,9","33,1","31,5","36,0","42,0","36,0","15,8","17,8","15,8","1004,6","1005,2","1004,6","3,2","119,0","8,5","2535,90","0,0"
01/07/2017,1800,"33,4","33,6","32,2","34,0","38,0","33,0","15,4","16,8","14,7","1003,6","1004,6","1003,6","3,3","99,0","8,0","2558,70","0,0"
01/07/2017,1900,"33,6","34,4","32,8","33,0","34,0","31,0","15,3","16,0","14,0","1002,7","1003,6","1002,7","2,5","113,0","7,1","2399,10","0,0"
01/07/2017,2000,"33,0","33,8","32,4","36,0","37,0","31,0","15,8","16,2","13,9","1002,3","1002,7","1002,2","2,8","98,0","7,0","1593,80","0,0"
01/07/2017,2100,"32,3","33,0","31,7","40,0","41,0","35,0","17,1","17,5","15,1","1002,3","1002,5","1002,3","2,5","77,0","7,4","876,10","0,0"
01/07/2017,2200,"29,9","32,3","29,9","47,0","47,0","40,0","17,5","17,5","16,8","1002,8","1002,8","1002,3","2,0","85,0","6,8","256,20","0,0"
01/07/2017,2300,,,,,,,,,,,,,,,,,
